date,511260,512890,513500,000509,511360,159941,518880,510300
2020-09-25,110.453,1.29,2.089,16.13,100.223,2.415,3.928,5.028
2020-09-28,110.594,1.296,2.124,16.45,100.196,2.512,3.919,5.038
2020-09-29,110.403,1.295,2.147,16.29,100.195,2.571,3.972,5.049
2020-09-30,110.188,1.287,2.124,16.45,100.26,2.604,3.974,5.035
2020-10-09,110.04,1.307,2.192,17.1,100.26,2.684,3.971,5.128
2020-10-12,109.74,1.329,2.207,17.42,100.298,2.719,4.014,5.276
2020-10-13,109.787,1.332,2.243,19.03,100.342,2.728,4.003,5.292
2020-10-14,109.687,1.327,2.234,20.0,100.35,2.71,3.958,5.268
2020-10-15,109.603,1.326,2.199,20.0,100.419,2.62,3.953,5.256
2020-10-16,109.824,1.333,2.21,20.48,100.43,2.629,3.965,5.242
2020-10-19,110.062,1.328,2.212,20.32,100.407,2.667,3.968,5.211
2020-10-20,109.858,1.328,2.176,21.29,100.469,2.622,3.952,5.241
2020-10-21,109.887,1.331,2.182,20.64,100.464,2.607,3.966,5.247
2020-10-22,110.016,1.325,2.155,20.0,100.47,2.53,3.97,5.231
2020-10-23,109.956,1.32,2.173,20.48,100.473,2.515,3.956,5.175
2020-10-26,109.813,1.315,2.161,19.68,100.482,2.488,3.938,5.139
2020-10-27,110.076,1.31,2.155,19.84,100.48,2.512,3.972,5.153
2020-10-28,110.059,1.307,2.126,19.51,100.481,2.484,3.974,5.193
2020-10-29,110.121,1.32,2.088,18.87,100.497,2.457,3.92,5.237
2020-10-30,110.104,1.299,2.048,19.19,100.505,2.397,3.897,5.146
2020-11-02,110.332,1.314,2.068,19.51,100.512,2.405,3.93,5.174
2020-11-03,110.286,1.326,2.106,19.51,100.51,2.457,3.949,5.225
2020-11-04,110.284,1.336,2.14,19.68,100.54,2.566,3.967,5.262
2020-11-05,110.27,1.351,2.167,19.35,100.539,2.558,3.965,5.338
2020-11-06,110.259,1.357,2.176,19.51,100.5,2.547,4.001,5.34
2020-11-09,110.05,1.378,2.21,20.48,100.5,2.603,3.99,5.437
2020-11-10,110.014,1.377,2.2,19.51,100.511,2.489,3.889,5.41
2020-11-11,109.97,1.385,2.21,19.51,100.589,2.449,3.881,5.363
2020-11-12,110.018,1.39,2.214,20.8,100.587,2.453,3.873,5.36
2020-11-13,109.692,1.366,2.212,20.96,100.581,2.462,3.89,5.309
2020-11-16,109.8,1.412,2.242,20.96,100.503,2.479,3.888,5.362
2020-11-17,109.829,1.412,2.234,20.8,100.588,2.464,3.881,5.353
2020-11-18,109.622,1.42,2.212,20.64,100.587,2.439,3.856,5.346
2020-11-19,109.508,1.41,2.211,20.32,100.585,2.44,3.837,5.388
2020-11-20,109.448,1.416,2.202,20.96,100.528,2.464,3.843,5.403
2020-11-23,109.583,1.439,2.199,20.32,100.497,2.446,3.851,5.461
2020-11-24,109.541,1.429,2.232,20.48,100.519,2.453,3.755,5.429
2020-11-25,109.575,1.41,2.249,19.84,100.527,2.482,3.714,5.367
2020-11-26,109.564,1.413,2.249,21.45,100.586,2.491,3.718,5.374
2020-11-27,109.53,1.422,2.243,20.96,100.543,2.489,3.72,5.445
2020-11-30,109.682,1.433,2.232,21.29,100.623,2.489,3.628,5.42
2020-12-01,109.61,1.425,2.256,21.93,100.65,2.521,3.653,5.531
2020-12-02,109.551,1.428,2.25,21.93,100.68,2.529,3.707,5.52
2020-12-03,109.528,1.41,2.259,23.7,100.646,2.54,3.748,5.518
2020-12-04,109.9,1.408,2.253,24.83,100.68,2.534,3.754,5.529
2020-12-07,109.751,1.389,2.262,26.76,100.735,2.532,3.745,5.485
2020-12-08,110.089,1.386,2.257,28.85,100.719,2.543,3.8,5.469
2020-12-09,109.985,1.371,2.277,26.76,100.75,2.563,3.778,5.409
2020-12-10,109.956,1.366,2.264,26.92,100.75,2.498,3.74,5.399
2020-12-11,109.785,1.367,2.265,29.02,100.768,2.503,3.739,5.343
2020-12-14,109.63,1.355,2.272,31.11,100.804,2.509,3.74,5.387
2020-12-15,109.66,1.351,2.252,29.02,100.828,2.525,3.769,5.402
2020-12-16,109.665,1.347,2.27,27.89,100.821,2.558,3.793,5.412
2020-12-17,109.574,1.352,2.278,29.98,100.8,2.565,3.812,5.483
2020-12-18,109.575,1.363,2.285,30.14,100.84,2.573,3.838,5.454
2020-12-21,109.559,1.36,2.279,30.79,100.94,2.576,3.879,5.499
2020-12-22,109.766,1.331,2.258,29.18,100.971,2.552,3.825,5.422
2020-12-23,109.832,1.33,2.26,29.18,101.13,2.559,3.818,5.463
2020-12-24,109.841,1.32,2.266,28.85,101.001,2.55,3.832,5.463
2020-12-25,109.976,1.332,2.272,28.37,100.984,2.555,3.853,5.505
2020-12-28,110.0,1.324,2.283,27.41,101.025,2.574,3.858,5.519
2020-12-29,110.189,1.319,2.304,28.37,101.05,2.599,3.837,5.503
2020-12-30,110.249,1.323,2.289,29.34,101.068,2.599,3.832,5.567
2020-12-31,110.105,1.328,2.292,29.34,101.102,2.599,3.85,5.676
2021-01-04,110.038,1.32,2.28,29.82,101.088,2.579,3.902,5.723
2021-01-05,110.21,1.319,2.245,29.18,101.099,2.541,3.92,5.822
2021-01-06,110.44,1.332,2.249,27.08,101.098,2.529,3.931,5.871
2021-01-07,110.426,1.334,2.283,26.28,101.13,2.534,3.903,5.988
2021-01-08,110.446,1.336,2.318,25.15,101.141,2.589,3.878,5.96
2021-01-11,110.411,1.324,2.308,25.63,101.166,2.598,3.777,5.897
2021-01-12,110.47,1.326,2.312,25.79,101.186,2.584,3.805,6.057
2021-01-13,110.718,1.324,2.306,25.63,101.198,2.573,3.797,6.035
2021-01-14,110.869,1.321,2.321,24.99,101.207,2.587,3.772,5.932
2021-01-15,111.032,1.331,2.301,25.79,101.222,2.566,3.785,5.915
2021-01-18,110.777,1.338,2.294,26.6,101.175,2.557,3.775,5.974
2021-01-19,110.671,1.351,2.311,25.63,101.197,2.584,3.779,5.899
2021-01-20,110.886,1.337,2.307,25.47,101.202,2.605,3.789,5.929
2021-01-21,110.892,1.338,2.347,25.47,101.199,2.671,3.825,6.023
2021-01-22,111.118,1.316,2.335,25.15,101.2,2.673,3.806,6.026
2021-01-25,111.068,1.304,2.348,24.99,101.236,2.7,3.788,6.092
2021-01-26,110.62,1.3,2.327,24.35,101.26,2.683,3.799,5.972
2021-01-27,110.533,1.301,2.338,23.7,101.23,2.72,3.779,5.982
2021-01-28,110.496,1.285,2.277,22.25,101.16,2.618,3.761,5.846
2021-01-29,110.282,1.283,2.281,23.22,101.155,2.617,3.778,5.809
2021-02-01,110.615,1.298,2.267,21.77,101.143,2.607,3.82,5.872
2021-02-02,110.76,1.293,2.305,21.77,101.171,2.674,3.789,5.952
2021-02-03,110.672,1.291,2.331,21.29,101.202,2.71,3.75,5.946
2021-02-04,110.663,1.284,2.33,20.32,101.236,2.686,3.723,5.935
2021-02-05,110.349,1.303,2.369,19.03,101.221,2.725,3.681,5.943
2021-02-08,110.126,1.304,2.37,19.03,101.236,2.738,3.712,6.015
2021-02-09,110.208,1.308,2.384,20.64,101.248,2.737,3.752,6.153
2021-02-10,110.47,1.316,2.382,22.41,101.354,2.749,3.756,6.268
2021-02-18,110.373,1.343,2.385,24.02,101.3,2.731,3.65,6.225
2021-02-19,110.464,1.366,2.378,25.96,101.335,2.728,3.634,6.257
2021-02-22,110.36,1.381,2.37,25.96,101.347,2.7,3.675,6.05
2021-02-23,110.53,1.366,2.37,27.08,101.379,2.664,3.713,6.035
2021-02-24,110.57,1.364,2.351,27.24,101.39,2.612,3.705,5.888
2021-02-25,110.546,1.396,2.39,26.44,101.416,2.665,3.67,5.939
2021-02-26,110.445,1.37,2.326,24.83,101.423,2.549,3.613,5.79
2021-03-01,110.28,1.386,2.343,25.63,101.443,2.602,3.595,5.879
2021-03-02,110.615,1.379,2.377,25.96,101.495,2.638,3.536,5.81
2021-03-03,110.475,1.41,2.376,25.79,101.471,2.63,3.549,5.915
2021-03-04,110.466,1.411,2.327,24.83,101.489,2.535,3.514,5.748
2021-03-05,110.599,1.39,2.304,26.76,101.501,2.505,3.482,5.727
2021-03-08,110.728,1.382,2.353,26.76,101.513,2.508,3.519,5.541
2021-03-09,110.761,1.371,2.375,26.6,101.538,2.497,3.506,5.44
2021-03-10,110.862,1.36,2.373,27.08,101.532,2.555,3.542,5.461
2021-03-11,110.731,1.389,2.411,27.08,101.564,2.584,3.573,5.59
2021-03-12,110.697,1.42,2.413,26.76,101.555,2.602,3.524,5.603
2021-03-15,110.621,1.427,2.428,25.63,101.575,2.589,3.556,5.501
2021-03-16,110.554,1.434,2.443,26.12,101.59,2.643,3.562,5.534
2021-03-17,110.507,1.425,2.433,25.63,101.6,2.64,3.577,5.557
2021-03-18,110.33,1.428,2.435,25.96,101.617,2.657,3.604,5.597
2021-03-19,110.452,1.411,2.405,25.79,101.629,2.575,3.589,5.458
2021-03-22,110.544,1.427,2.405,25.96,101.642,2.596,3.57,5.515
2021-03-23,110.574,1.407,2.416,25.47,101.671,2.614,3.585,5.47
2021-03-24,110.702,1.393,2.4,24.99,101.69,2.626,3.578,5.394
2021-03-25,110.747,1.391,2.399,25.31,101.715,2.591,3.589,5.39
2021-03-26,110.662,1.402,2.426,25.31,101.7,2.607,3.579,5.494
2021-03-29,110.642,1.425,2.444,26.92,101.74,2.606,3.579,5.504
2021-03-30,110.729,1.421,2.46,26.28,101.731,2.612,3.536,5.548
2021-03-31,110.934,1.419,2.448,25.47,101.747,2.604,3.495,5.511
2021-04-01,110.815,1.428,2.473,25.63,101.715,2.666,3.565,5.573
2021-04-02,110.821,1.416,2.497,26.44,101.732,2.697,3.612,5.622
2021-04-06,110.793,1.416,2.53,26.44,101.755,2.739,3.591,5.594
2021-04-07,110.828,1.427,2.526,26.44,101.754,2.74,3.607,5.559
2021-04-08,110.724,1.425,2.536,26.76,101.793,2.774,3.614,5.57
2021-04-09,110.798,1.425,2.541,27.08,101.791,2.777,3.631,5.499
2021-04-12,111.021,1.425,2.558,27.89,101.81,2.804,3.612,5.415
2021-04-13,111.3,1.417,2.557,27.73,101.842,2.795,3.575,5.408
2021-04-14,111.37,1.424,2.569,29.82,101.847,2.838,3.615,5.436
2021-04-15,111.215,1.426,2.564,29.34,101.853,2.809,3.612,5.408
2021-04-16,111.573,1.447,2.583,29.5,101.852,2.828,3.643,5.424
2021-04-19,111.515,1.443,2.58,28.37,101.885,2.838,3.67,5.55
2021-04-20,111.599,1.438,2.56,27.89,101.89,2.799,3.635,5.542
2021-04-21,111.605,1.443,2.543,27.89,101.955,2.78,3.673,5.554
2021-04-22,111.538,1.443,2.558,28.37,101.929,2.804,3.676,5.55
2021-04-23,111.825,1.432,2.535,28.21,101.942,2.772,3.668,5.601
2021-04-26,111.698,1.427,2.56,29.02,101.968,2.795,3.649,5.537
2021-04-27,111.597,1.422,2.573,29.5,101.974,2.821,3.653,5.55
2021-04-28,111.304,1.433,2.569,29.5,101.973,2.81,3.632,5.588
2021-04-29,111.449,1.449,2.58,28.69,101.975,2.828,3.643,5.634
2021-04-30,111.66,1.437,2.58,29.02,102.026,2.802,3.625,5.589
2021-05-06,111.638,1.453,2.566,29.18,102.033,2.731,3.676,5.522
2021-05-07,111.616,1.463,2.579,29.34,102.064,2.726,3.717,5.461
2021-05-10,111.618,1.477,2.585,29.18,102.085,2.745,3.73,5.46
2021-05-11,111.842,1.467,2.546,29.02,102.105,2.666,3.725,5.486
2021-05-12,111.822,1.482,2.527,28.85,102.12,2.665,3.732,5.517
2021-05-13,111.746,1.478,2.48,27.24,102.138,2.623,3.717,5.462
2021-05-14,111.801,1.475,2.518,27.41,102.143,2.654,3.739,5.588
2021-05-17,111.772,1.483,2.538,25.96,102.156,2.678,3.777,5.649
2021-05-18,111.722,1.487,2.545,25.96,102.18,2.689,3.802,5.651
2021-05-19,111.968,1.485,2.504,25.31,102.19,2.637,3.812,5.637
2021-05-20,112.181,1.465,2.501,24.51,102.204,2.644,3.811,5.651
2021-05-21,112.5,1.471,2.533,26.44,102.21,2.692,3.816,5.596
2021-05-24,112.6,1.481,2.537,27.73,102.23,2.686,3.828,5.624
2021-05-25,112.541,1.503,2.551,27.57,102.254,2.721,3.812,5.788
2021-05-26,112.715,1.511,2.54,27.57,102.257,2.721,3.852,5.789
2021-05-27,112.471,1.521,2.522,27.08,102.26,2.706,3.829,5.808
2021-05-28,112.479,1.528,2.537,26.44,102.266,2.701,3.8,5.793
2021-05-31,112.392,1.537,2.532,26.6,102.27,2.695,3.828,5.799
2021-06-01,112.5,1.537,2.534,27.24,102.288,2.699,3.853,5.807
2021-06-02,112.658,1.54,2.533,28.05,102.296,2.687,3.793,5.764
2021-06-03,112.745,1.536,2.537,28.69,102.302,2.695,3.774,5.723
2021-06-04,112.552,1.533,2.533,28.53,102.309,2.675,3.732,5.756
2021-06-07,112.374,1.517,2.557,28.69,102.318,2.709,3.757,5.75
2021-06-08,112.366,1.522,2.557,29.34,102.318,2.724,3.778,5.708
2021-06-09,112.378,1.524,2.558,29.98,102.314,2.725,3.775,5.716
2021-06-10,112.382,1.524,2.549,28.53,102.315,2.714,3.764,5.75
2021-06-11,112.275,1.52,2.557,30.63,102.324,2.747,3.795,5.701
2021-06-15,112.087,1.503,2.573,32.88,102.339,2.794,3.73,5.642
2021-06-16,112.217,1.502,2.564,30.47,102.359,2.769,3.729,5.571
2021-06-17,112.058,1.501,2.551,31.27,102.362,2.759,3.667,5.582
2021-06-18,112.232,1.494,2.563,33.52,102.366,2.821,3.625,5.587
2021-06-21,112.358,1.491,2.529,34.65,102.377,2.801,3.628,5.58
2021-06-22,112.299,1.499,2.577,35.94,102.386,2.819,3.641,5.606
2021-06-23,112.273,1.517,2.6,38.52,102.397,2.864,3.645,5.637
2021-06-24,112.328,1.517,2.596,36.91,102.405,2.859,3.628,5.65
2021-06-25,112.443,1.517,2.603,36.91,102.422,2.866,3.624,5.731
2021-06-28,112.402,1.496,2.608,37.39,102.428,2.876,3.629,5.74
2021-06-29,112.547,1.492,2.609,36.91,102.442,2.899,3.616,5.686
2021-06-30,112.72,1.499,2.616,35.62,102.626,2.92,3.584,5.717
2021-07-01,112.811,1.513,2.623,36.75,102.451,2.91,3.629,5.715
2021-07-02,112.866,1.495,2.645,38.68,102.466,2.911,3.632,5.574
2021-07-05,112.861,1.489,2.659,36.1,102.491,2.942,3.645,5.581
2021-07-06,112.9,1.494,2.664,33.85,102.507,2.945,3.679,5.588
2021-07-07,113.03,1.49,2.66,34.17,102.52,2.97,3.676,5.641
2021-07-08,113.4,1.467,2.652,33.36,102.536,2.968,3.67,5.597
2021-07-09,113.606,1.478,2.654,34.49,102.586,2.965,3.68,5.573
2021-07-12,113.64,1.472,2.677,34.33,102.601,2.995,3.674,5.641
2021-07-13,114.132,1.479,2.675,34.33,102.626,2.996,3.689,5.657
2021-07-14,114.33,1.491,2.671,36.75,102.645,2.988,3.692,5.6
2021-07-15,113.886,1.489,2.674,36.58,102.661,2.995,3.721,5.668
2021-07-16,113.94,1.498,2.668,36.26,102.675,2.965,3.711,5.617
2021-07-19,113.895,1.502,2.646,37.55,102.691,2.945,3.679,5.639
2021-07-20,114.101,1.497,2.636,40.13,102.715,2.943,3.709,5.626
2021-07-21,114.18,1.493,2.655,42.86,102.73,2.958,3.695,5.665
2021-07-22,114.15,1.502,2.671,41.25,102.743,2.988,3.667,5.67
2021-07-23,114.203,1.495,2.677,39.0,102.762,3.012,3.684,5.618
2021-07-26,114.361,1.462,2.693,36.42,102.776,3.05,3.693,5.443
2021-07-27,114.417,1.422,2.706,34.17,102.794,3.042,3.662,5.27
2021-07-28,114.461,1.42,2.703,31.75,102.793,3.013,3.698,5.28
2021-07-29,114.364,1.421,2.697,32.08,102.792,3.019,3.708,5.367
2021-07-30,114.564,1.421,2.68,29.82,102.807,2.969,3.72,5.333
2021-08-02,114.851,1.417,2.704,29.18,102.817,3.019,3.68,5.454
2021-08-03,115.115,1.406,2.691,31.27,102.846,3.006,3.681,5.456
2021-08-04,114.942,1.417,2.7,30.95,102.86,3.027,3.689,5.5
2021-08-05,114.997,1.417,2.694,31.43,102.868,3.02,3.685,5.47
2021-08-06,115.013,1.426,2.708,32.88,102.9,3.043,3.663,5.454
2021-08-09,114.664,1.447,2.715,33.52,102.91,3.028,3.568,5.509
2021-08-10,114.55,1.448,2.712,33.52,102.909,3.038,3.552,5.566
2021-08-11,114.217,1.485,2.716,32.24,102.91,3.027,3.548,5.539
2021-08-12,114.389,1.503,2.718,30.79,102.923,3.023,3.58,5.507
2021-08-13,114.485,1.501,2.736,31.91,102.941,3.031,3.591,5.48
2021-08-16,114.479,1.514,2.725,31.75,102.952,3.036,3.621,5.477
2021-08-17,114.53,1.491,2.731,30.3,102.958,3.049,3.658,5.365
2021-08-18,114.784,1.497,2.729,30.14,102.966,3.039,3.66,5.418
2021-08-19,114.833,1.481,2.685,31.75,102.978,2.982,3.648,5.384
2021-08-20,114.805,1.484,2.7,32.56,102.998,3.005,3.659,5.294
2021-08-23,114.756,1.497,2.738,32.4,103.006,3.048,3.652,5.366
2021-08-24,114.882,1.502,2.753,32.24,103.011,3.102,3.679,5.418
2021-08-25,114.895,1.512,2.744,33.04,103.01,3.102,3.658,5.432
2021-08-26,114.504,1.531,2.746,35.46,103.022,3.094,3.645,5.347
2021-08-27,114.606,1.539,2.748,35.14,103.032,3.103,3.682,5.36
2021-08-30,114.63,1.548,2.758,35.14,103.03,3.114,3.691,5.342
2021-08-31,114.718,1.6,2.78,36.42,103.042,3.161,3.69,5.34
2021-09-01,115.004,1.588,2.779,36.42,103.044,3.144,3.69,5.41
2021-09-02,114.95,1.618,2.762,36.42,103.058,3.141,3.687,5.406
2021-09-03,115.0,1.614,2.773,36.58,103.078,3.146,3.687,5.379
2021-09-06,114.962,1.626,2.77,39.16,103.088,3.15,3.708,5.463
2021-09-07,114.9,1.659,2.77,41.9,103.097,3.151,3.696,5.526
2021-09-08,114.79,1.692,2.757,39.16,103.103,3.143,3.653,5.505
2021-09-09,114.747,1.744,2.748,39.16,103.106,3.123,3.639,5.503
2021-09-10,114.743,1.729,2.749,40.45,103.122,3.125,3.66,5.552
2021-09-13,114.592,1.773,2.729,42.86,103.127,3.116,3.642,5.525
2021-09-14,114.477,1.738,2.728,43.83,103.132,3.097,3.646,5.459
2021-09-15,114.352,1.729,2.711,43.99,103.129,3.084,3.659,5.406
2021-09-16,114.486,1.72,2.721,46.41,103.13,3.088,3.628,5.35
2021-09-17,114.639,1.685,2.736,46.57,103.147,3.118,3.592,5.389
2021-09-22,114.736,1.736,2.68,46.89,103.151,3.033,3.64,5.356
2021-09-23,114.738,1.735,2.701,43.83,103.166,3.063,3.605,5.385
2021-09-24,114.713,1.672,2.718,40.93,103.18,3.073,3.586,5.392
2021-09-27,114.781,1.637,2.735,40.45,103.178,3.09,3.59,5.424
2021-09-28,114.714,1.68,2.709,39.48,103.181,3.039,3.562,5.415
2021-09-29,114.928,1.636,2.668,38.36,103.178,2.988,3.557,5.382
2021-09-30,114.93,1.658,2.683,39.16,103.24,3.0,3.543,5.396
2021-10-08,114.702,1.642,2.681,40.45,103.257,2.991,3.587,5.467
2021-10-11,114.62,1.658,2.665,37.71,103.278,2.957,3.573,5.466
2021-10-12,114.395,1.647,2.638,35.14,103.29,2.933,3.591,5.414
2021-10-13,114.37,1.618,2.652,35.14,103.292,2.944,3.59,5.47
2021-10-14,114.432,1.605,2.676,37.55,103.299,2.98,3.636,5.443
2021-10-15,114.417,1.614,2.71,35.62,103.316,3.029,3.629,5.467
2021-10-18,114.009,1.645,2.71,35.78,103.329,3.017,3.58,5.409
2021-10-19,113.941,1.645,2.728,35.3,103.325,3.055,3.594,5.456
2021-10-20,114.044,1.613,2.735,34.97,103.325,3.06,3.584,5.442
2021-10-21,114.173,1.639,2.735,35.94,103.335,3.054,3.601,5.464
2021-10-22,114.223,1.639,2.747,35.14,103.355,3.07,3.615,5.497
2021-10-25,114.211,1.602,2.747,35.14,103.365,3.054,3.606,5.514
2021-10-26,114.316,1.592,2.766,34.65,103.378,3.093,3.621,5.497
2021-10-27,114.371,1.564,2.764,32.56,103.391,3.087,3.594,5.431
2021-10-28,114.393,1.518,2.753,33.36,103.4,3.096,3.629,5.41
2021-10-29,114.523,1.51,2.758,33.2,103.421,3.1,3.609,5.442
2021-11-01,114.672,1.524,2.792,31.75,103.428,3.153,3.594,5.426
2021-11-02,114.914,1.488,2.786,31.27,103.439,3.156,3.617,5.374
2021-11-03,115.105,1.52,2.805,31.27,103.455,3.174,3.589,5.354
2021-11-04,115.035,1.514,2.82,32.24,103.466,3.22,3.575,5.401
2021-11-05,115.109,1.484,2.832,32.56,103.486,3.255,3.624,5.384
2021-11-08,115.191,1.486,2.835,33.52,103.498,3.244,3.66,5.38
2021-11-09,115.114,1.484,2.834,35.78,103.512,3.255,3.671,5.378
2021-11-10,114.997,1.48,2.822,35.3,103.525,3.222,3.669,5.353
2021-11-11,114.794,1.51,2.815,34.97,103.526,3.195,3.721,5.433
2021-11-12,114.869,1.502,2.813,35.14,103.553,3.194,3.722,5.431
2021-11-15,115.053,1.498,2.832,34.65,103.564,3.224,3.716,5.425
2021-11-16,115.191,1.488,2.824,34.81,103.575,3.209,3.732,5.421
2021-11-17,115.066,1.486,2.843,34.49,103.58,3.235,3.72,5.42
2021-11-18,115.29,1.482,2.833,33.85,103.585,3.242,3.735,5.376
2021-11-19,115.144,1.504,2.851,33.69,103.602,3.292,3.73,5.431
2021-11-22,115.217,1.504,2.847,32.88,103.613,3.296,3.696,5.444
2021-11-23,115.224,1.518,2.822,34.81,103.614,3.244,3.632,5.447
2021-11-24,115.253,1.538,2.832,34.17,103.628,3.25,3.613,5.458
2021-11-25,115.33,1.534,2.851,33.69,103.635,3.268,3.611,5.439
2021-11-26,115.609,1.512,2.808,34.33,103.658,3.233,3.628,5.397
2021-11-29,115.553,1.498,2.806,33.69,103.658,3.222,3.614,5.39
2021-11-30,115.418,1.496,2.789,34.01,103.662,3.24,3.605,5.372
2021-12-01,115.32,1.516,2.778,33.69,103.684,3.237,3.591,5.385
2021-12-02,115.44,1.526,2.74,35.14,103.695,3.164,3.575,5.395
2021-12-03,115.394,1.552,2.758,34.97,103.715,3.157,3.566,5.44
2021-12-06,115.545,1.546,2.75,35.94,103.729,3.12,3.592,5.435
2021-12-07,115.432,1.568,2.783,37.23,103.751,3.163,3.584,5.463
2021-12-08,115.457,1.57,2.826,36.42,103.758,3.239,3.589,5.535
2021-12-09,115.316,1.574,2.826,35.14,103.762,3.227,3.575,5.619
2021-12-10,115.486,1.568,2.813,35.3,103.774,3.201,3.565,5.604
2021-12-13,115.32,1.558,2.845,34.01,103.792,3.234,3.585,5.617
2021-12-14,115.619,1.538,2.812,34.33,103.807,3.184,3.588,5.586
2021-12-15,115.547,1.552,2.797,34.33,103.806,3.157,3.552,5.54
2021-12-16,115.482,1.574,2.856,33.85,103.796,3.229,3.584,5.567
2021-12-17,115.6,1.576,2.807,33.36,103.801,3.142,3.629,5.494
2021-12-20,115.555,1.568,2.762,32.08,103.823,3.099,3.624,5.419
2021-12-21,115.554,1.596,2.777,32.72,103.812,3.134,3.599,5.44
2021-12-22,115.67,1.59,2.8,33.2,103.81,3.154,3.591,5.443
2021-12-23,115.889,1.598,2.83,33.36,103.81,3.193,3.627,5.481
2021-12-24,115.889,1.586,2.846,32.56,103.819,3.209,3.633,5.458
2021-12-27,116.071,1.594,2.851,30.3,103.852,3.225,3.63,5.462
2021-12-28,116.031,1.582,2.882,32.56,103.862,3.271,3.642,5.488
2021-12-29,116.015,1.576,2.888,32.08,103.89,3.271,3.625,5.421
2021-12-30,116.227,1.578,2.887,32.4,103.932,3.257,3.606,5.457
2021-12-31,116.195,1.59,2.879,32.88,103.933,3.255,3.643,5.469
2022-01-04,116.355,1.618,2.897,35.3,103.905,3.273,3.62,5.451
2022-01-05,116.32,1.624,2.886,37.71,103.927,3.21,3.635,5.404
2022-01-06,116.181,1.636,2.817,40.29,103.945,3.117,3.614,5.348
2022-01-07,116.203,1.65,2.835,42.86,103.978,3.136,3.592,5.36
2022-01-10,116.319,1.658,2.816,43.35,103.98,3.106,3.599,5.373
2022-01-11,116.298,1.664,2.804,43.35,104.025,3.088,3.629,5.328
2022-01-12,116.251,1.654,2.836,43.51,104.035,3.149,3.646,5.38
2022-01-13,116.381,1.67,2.829,46.41,104.04,3.135,3.654,5.299
2022-01-14,116.534,1.62,2.802,46.89,104.052,3.071,3.65,5.255
2022-01-17,116.561,1.626,2.794,43.83,104.062,3.074,3.635,5.296
2022-01-18,116.838,1.64,2.783,42.86,104.079,3.05,3.629,5.342
2022-01-19,117.145,1.67,2.739,44.8,104.095,2.986,3.625,5.316
2022-01-20,117.013,1.658,2.724,45.6,104.104,2.996,3.674,5.354
2022-01-21,117.306,1.642,2.67,44.96,104.137,2.899,3.672,5.32
2022-01-24,117.612,1.644,2.638,46.57,104.156,2.862,3.662,5.322
2022-01-25,117.59,1.6,2.605,46.25,104.163,2.808,3.671,5.216
2022-01-26,117.071,1.612,2.601,44.48,104.174,2.797,3.674,5.242
2022-01-27,116.994,1.594,2.552,42.7,104.15,2.737,3.606,5.161
2022-01-28,117.039,1.582,2.597,45.6,104.2,2.786,3.594,5.09
2022-02-07,117.037,1.622,2.693,48.66,104.209,2.886,3.62,5.162
2022-02-08,117.167,1.66,2.687,51.72,104.246,2.869,3.641,5.14
2022-02-09,117.173,1.668,2.722,51.4,104.259,2.913,3.658,5.179
2022-02-10,117.197,1.69,2.754,54.62,104.273,2.954,3.665,5.168
2022-02-11,116.761,1.696,2.679,54.62,104.297,2.874,3.645,5.132
2022-02-14,116.535,1.662,2.655,58.0,104.311,2.817,3.705,5.083
2022-02-15,116.625,1.648,2.638,54.46,104.321,2.819,3.742,5.125
2022-02-16,116.672,1.668,2.671,51.08,104.323,2.868,3.692,5.146
2022-02-17,116.751,1.66,2.664,52.37,104.332,2.848,3.726,5.156
2022-02-18,116.736,1.7,2.628,53.82,104.35,2.811,3.76,5.18
2022-02-21,116.52,1.7,2.617,57.2,104.355,2.799,3.754,5.163
2022-02-22,116.324,1.686,2.561,58.49,104.358,2.698,3.801,5.103
2022-02-23,116.524,1.676,2.574,62.19,104.356,2.746,3.772,5.151
2022-02-24,116.615,1.64,2.465,58.49,104.352,2.599,3.853,5.066
2022-02-25,116.687,1.634,2.534,59.77,104.354,2.698,3.807,5.101
2022-02-28,116.794,1.636,2.553,56.07,104.364,2.704,3.787,5.107
2022-03-01,116.522,1.654,2.605,58.0,104.379,2.773,3.786,5.145
2022-03-02,116.499,1.668,2.566,56.87,104.389,2.739,3.837,5.11
2022-03-03,116.267,1.686,2.612,53.65,104.396,2.776,3.827,5.081
2022-03-04,116.221,1.672,2.588,55.43,104.405,2.725,3.841,5.03
2022-03-07,116.384,1.664,2.554,56.39,104.406,2.659,3.926,4.882
2022-03-08,116.495,1.612,2.473,56.55,104.408,2.579,4.015,4.8
2022-03-09,116.125,1.592,2.5,54.14,104.4,2.607,4.061,4.76
2022-03-10,116.345,1.608,2.545,57.52,104.366,2.676,3.931,4.82
2022-03-11,116.618,1.612,2.544,57.84,104.398,2.659,3.937,4.848
2022-03-14,117.188,1.584,2.537,59.77,104.395,2.623,3.917,4.708
2022-03-15,116.849,1.494,2.503,56.07,104.412,2.574,3.832,4.509
2022-03-16,116.732,1.526,2.57,52.53,104.422,2.665,3.796,4.682
2022-03-17,116.65,1.546,2.62,51.88,104.408,2.744,3.845,4.766
2022-03-18,116.828,1.592,2.638,53.49,104.405,2.754,3.851,4.794
2022-03-21,116.685,1.584,2.675,53.17,104.421,2.815,3.841,4.788
2022-03-22,116.627,1.608,2.678,54.94,104.451,2.82,3.866,4.784
2022-03-23,116.667,1.61,2.722,55.26,104.455,2.889,3.835,4.809
2022-03-24,116.696,1.606,2.688,56.55,104.473,2.865,3.88,4.782
2022-03-25,116.886,1.606,2.729,54.62,104.486,2.917,3.907,4.705
2022-03-28,116.918,1.646,2.735,52.04,104.504,2.902,3.872,4.68
2022-03-29,116.96,1.638,2.735,49.63,104.515,2.969,3.849,4.662
2022-03-30,117.037,1.654,2.78,48.34,104.51,3.013,3.839,4.785
2022-03-31,116.882,1.684,2.774,48.5,104.535,2.993,3.833,4.754
2022-04-01,117.067,1.71,2.742,49.15,104.547,2.955,3.853,4.805
2022-04-06,117.174,1.738,2.742,50.43,104.56,2.933,3.836,4.793
2022-04-07,117.243,1.704,2.704,50.27,104.582,2.872,3.843,4.741
2022-04-08,117.48,1.732,2.73,51.88,104.635,2.892,3.852,4.769
2022-04-11,117.401,1.718,2.706,51.88,104.671,2.826,3.886,4.637
2022-04-12,117.463,1.702,2.654,48.66,104.695,2.769,3.908,4.707
2022-04-13,117.371,1.698,2.676,50.76,104.695,2.782,3.926,4.675
2022-04-14,117.51,1.724,2.694,50.11,104.697,2.825,3.931,4.719
2022-04-15,117.361,1.716,2.668,47.21,104.722,2.752,3.944,4.717
2022-04-18,117.177,1.688,2.648,46.73,104.744,2.735,3.967,4.697
2022-04-19,117.078,1.706,2.668,47.86,104.755,2.775,3.936,4.67
2022-04-20,116.908,1.67,2.71,47.05,104.784,2.811,3.886,4.6
2022-04-21,117.102,1.638,2.744,46.73,104.8,2.832,3.937,4.532
2022-04-22,117.082,1.664,2.708,45.44,104.788,2.769,3.951,4.542
2022-04-25,117.203,1.598,2.62,42.54,104.804,2.706,3.924,4.349
2022-04-26,117.305,1.598,2.668,39.64,104.834,2.751,3.89,4.319
2022-04-27,117.225,1.606,2.604,41.25,104.852,2.68,3.892,4.425
2022-04-28,117.078,1.64,2.638,40.13,104.852,2.717,3.89,4.451
2022-04-29,117.204,1.666,2.68,39.97,104.892,2.739,3.942,4.551
2022-05-05,117.174,1.666,2.682,39.81,104.884,2.773,3.929,4.536
2022-05-06,117.124,1.622,2.618,37.07,104.914,2.668,3.922,4.439
2022-05-09,117.251,1.63,2.604,39.64,104.927,2.627,3.939,4.407
2022-05-10,117.449,1.646,2.556,41.9,104.936,2.597,3.91,4.452
2022-05-11,117.334,1.648,2.554,42.86,104.943,2.603,3.89,4.507
2022-05-12,117.433,1.644,2.51,45.44,104.965,2.509,3.928,4.487
2022-05-13,117.475,1.674,2.55,48.02,104.984,2.557,3.888,4.518
2022-05-16,117.41,1.688,2.562,47.37,105.017,2.587,3.851,4.487
2022-05-17,117.447,1.672,2.574,47.7,105.035,2.589,3.877,4.536
2022-05-18,117.49,1.664,2.598,44.64,105.052,2.618,3.836,4.522
2022-05-19,117.472,1.674,2.502,46.09,105.059,2.506,3.85,4.531
2022-05-20,117.486,1.68,2.486,47.37,105.071,2.509,3.872,4.615
2022-05-23,117.615,1.668,2.494,47.37,105.088,2.497,3.875,4.583
2022-05-24,117.718,1.638,2.474,46.41,105.103,2.436,3.882,4.501
2022-05-25,117.855,1.664,2.496,48.18,105.095,2.45,3.887,4.518
2022-05-26,118.1,1.682,2.518,50.92,105.086,2.473,3.901,4.528
2022-05-27,118.12,1.69,2.574,49.95,105.11,2.556,3.917,4.538
2022-05-30,117.976,1.692,2.618,49.95,105.103,2.63,3.885,4.561
2022-05-31,117.783,1.688,2.608,51.08,105.117,2.605,3.877,4.625
2022-06-01,117.85,1.69,2.614,48.66,105.13,2.612,3.852,4.619
2022-06-02,117.755,1.678,2.584,48.82,105.139,2.597,3.877,4.63
2022-06-06,117.689,1.676,2.592,50.59,105.13,2.598,3.869,4.712
2022-06-07,117.696,1.678,2.578,50.27,105.135,2.574,3.854,4.718
2022-06-08,117.712,1.688,2.61,49.47,105.118,2.613,3.872,4.76
2022-06-09,117.89,1.694,2.588,49.31,105.12,2.603,3.881,4.726
2022-06-10,117.851,1.698,2.542,49.79,105.15,2.551,3.865,4.784
2022-06-13,117.927,1.67,2.436,48.34,105.166,2.418,3.926,4.732
2022-06-14,117.756,1.692,2.41,45.6,105.164,2.393,3.855,4.772
2022-06-15,117.762,1.704,2.384,44.96,105.158,2.376,3.834,4.821
2022-06-16,117.69,1.678,2.376,44.8,105.163,2.376,3.846,4.794
2022-06-17,117.73,1.672,2.338,45.12,105.193,2.327,3.874,4.857
2022-06-20,117.669,1.666,2.334,45.6,105.192,2.348,3.858,4.878
2022-06-21,117.688,1.672,2.362,44.8,105.214,2.366,3.852,4.876
2022-06-22,117.76,1.65,2.364,46.89,105.23,2.369,3.849,4.826
2022-06-23,117.738,1.656,2.38,49.63,105.229,2.39,3.854,4.901
2022-06-24,117.714,1.65,2.418,50.59,105.252,2.444,3.827,4.949
2022-06-27,117.424,1.67,2.47,52.85,105.252,2.501,3.853,4.997
2022-06-28,117.443,1.678,2.474,56.23,105.26,2.488,3.832,5.049
2022-06-29,117.417,1.69,2.416,57.04,105.265,2.406,3.821,4.994
2022-06-30,117.565,1.696,2.39,57.04,105.301,2.384,3.818,5.044
2022-07-01,117.6,1.696,2.382,55.43,105.272,2.37,3.784,5.029
2022-07-04,117.426,1.694,2.412,51.56,105.279,2.384,3.801,5.057
2022-07-05,117.426,1.7,2.432,54.78,105.295,2.416,3.797,5.047
2022-07-06,117.575,1.664,2.42,50.76,105.304,2.444,3.725,4.988
2022-07-07,117.699,1.668,2.442,50.43,105.331,2.464,3.676,5.004
2022-07-08,117.648,1.668,2.46,48.98,105.344,2.492,3.669,5.0
2022-07-11,117.772,1.658,2.446,48.02,105.349,2.484,3.669,4.924
2022-07-12,117.788,1.672,2.434,48.34,105.363,2.444,3.668,4.888
2022-07-13,117.907,1.672,2.434,48.82,105.367,2.448,3.646,4.895
2022-07-14,117.917,1.644,2.408,47.37,105.374,2.428,3.647,4.896
2022-07-15,118.069,1.62,2.418,48.5,105.388,2.46,3.622,4.831
2022-07-18,117.976,1.652,2.474,49.15,105.411,2.52,3.635,4.877
2022-07-19,117.912,1.654,2.444,48.98,105.433,2.48,3.627,4.855
2022-07-20,117.959,1.662,2.518,51.88,105.44,2.56,3.628,4.867
2022-07-21,118.094,1.636,2.524,50.59,105.445,2.584,3.599,4.822
2022-07-22,118.143,1.63,2.542,49.31,105.47,2.612,3.65,4.825
2022-07-25,118.186,1.632,2.52,48.5,105.48,2.576,3.663,4.807
2022-07-26,118.31,1.65,2.518,48.82,105.487,2.56,3.668,4.836
2022-07-27,118.377,1.644,2.526,48.02,105.494,2.556,3.659,4.812
2022-07-28,118.36,1.648,2.554,47.37,105.49,2.616,3.697,4.815
2022-07-29,118.774,1.634,2.608,46.25,105.52,2.684,3.749,4.756
2022-08-01,118.9,1.634,2.62,47.53,105.543,2.688,3.743,4.774
2022-08-02,119.035,1.602,2.612,44.31,105.54,2.676,3.773,4.703
2022-08-03,119.032,1.58,2.612,43.99,105.587,2.684,3.759,4.658
2022-08-04,119.192,1.59,2.638,47.05,105.6,2.752,3.76,4.689
2022-08-05,119.12,1.598,2.648,49.95,105.602,2.768,3.79,4.754
2022-08-08,118.992,1.614,2.656,51.08,105.616,2.76,3.769,4.74
2022-08-09,118.908,1.622,2.642,49.95,105.621,2.74,3.786,4.747
2022-08-10,119.104,1.616,2.626,50.11,105.616,2.7,3.794,4.702
2022-08-11,118.96,1.632,2.684,50.43,105.595,2.8,3.777,4.79
2022-08-12,118.873,1.646,2.684,50.11,105.596,2.768,3.795,4.791
2022-08-15,119.423,1.646,2.722,49.79,105.6,2.82,3.799,4.781
2022-08-16,119.612,1.65,2.746,48.66,105.61,2.856,3.796,4.771
2022-08-17,119.615,1.654,2.748,48.5,105.62,2.84,3.779,4.812
2022-08-18,119.793,1.642,2.73,48.18,105.61,2.808,3.761,4.775
2022-08-19,119.976,1.658,2.734,47.86,105.632,2.804,3.761,4.745
2022-08-22,119.872,1.666,2.706,51.4,105.642,2.764,3.753,4.772
2022-08-23,119.88,1.67,2.67,53.01,105.655,2.708,3.763,4.758
2022-08-24,119.884,1.656,2.67,51.08,105.673,2.724,3.787,4.681
2022-08-25,119.763,1.688,2.702,50.43,105.658,2.752,3.797,4.717
2022-08-26,119.631,1.688,2.716,48.5,105.667,2.772,3.798,4.711
2022-08-29,119.725,1.7,2.628,50.11,105.641,2.652,3.767,4.686
2022-08-30,119.88,1.704,2.636,49.15,105.654,2.668,3.783,4.677
2022-08-31,119.891,1.694,2.61,51.72,105.664,2.632,3.758,4.677
2022-09-01,119.984,1.708,2.564,48.34,105.667,2.576,3.73,4.643
2022-09-02,120.177,1.708,2.59,48.5,105.701,2.608,3.726,4.62
2022-09-05,120.1,1.738,2.582,48.34,105.721,2.58,3.765,4.618
2022-09-06,120.01,1.76,2.582,48.5,105.74,2.596,3.784,4.647
2022-09-07,120.001,1.764,2.562,47.21,105.751,2.572,3.759,4.655
2022-09-08,119.925,1.766,2.608,46.89,105.749,2.628,3.79,4.637
2022-09-09,119.954,1.788,2.624,46.89,105.771,2.636,3.785,4.695
2022-09-13,119.824,1.778,2.69,47.37,105.764,2.72,3.787,4.709
2022-09-14,119.69,1.76,2.58,46.41,105.757,2.58,3.76,4.663
2022-09-15,119.701,1.778,2.582,46.57,105.75,2.6,3.744,4.626
2022-09-16,119.475,1.722,2.54,45.92,105.757,2.54,3.728,4.536
2022-09-19,119.577,1.72,2.534,44.48,105.75,2.536,3.741,4.525
2022-09-20,119.848,1.71,2.568,44.8,105.739,2.584,3.754,4.527
2022-09-21,119.925,1.728,2.534,45.12,105.748,2.568,3.759,4.497
2022-09-22,119.91,1.72,2.49,45.28,105.76,2.516,3.753,4.468
2022-09-23,119.643,1.704,2.476,44.96,105.783,2.504,3.77,4.46
2022-09-26,119.069,1.676,2.432,43.83,105.784,2.464,3.736,4.435
2022-09-27,119.096,1.69,2.462,45.44,105.734,2.512,3.746,4.485
2022-09-28,119.127,1.68,2.432,43.03,105.705,2.484,3.751,4.429
2022-09-29,118.824,1.664,2.476,42.22,105.683,2.52,3.78,4.43
2022-09-30,118.901,1.67,2.43,42.22,105.801,2.46,3.783,4.404
2022-10-10,119.262,1.684,2.414,40.13,105.814,2.392,3.81,4.325
2022-10-11,119.346,1.676,2.41,41.25,105.852,2.4,3.802,4.322
2022-10-12,119.264,1.69,2.424,43.03,105.875,2.404,3.812,4.384
2022-10-13,119.323,1.692,2.404,45.12,105.89,2.38,3.817,4.351
2022-10-14,119.525,1.694,2.48,45.76,105.886,2.448,3.813,4.439
2022-10-17,119.541,1.686,2.432,48.82,105.891,2.392,3.792,4.438
2022-10-18,119.548,1.682,2.512,55.1,105.901,2.496,3.802,4.431
2022-10-19,119.643,1.672,2.506,62.03,105.915,2.488,3.793,4.372
2022-10-20,119.455,1.66,2.484,69.6,105.916,2.456,3.775,4.36
2022-10-21,119.576,1.666,2.464,61.22,105.918,2.452,3.771,4.338
2022-10-24,119.648,1.63,2.528,53.65,105.921,2.524,3.82,4.24
2022-10-25,119.619,1.618,2.576,46.89,105.91,2.572,3.827,4.224
2022-10-26,119.622,1.606,2.572,48.34,105.915,2.552,3.824,4.252
2022-10-27,119.87,1.612,2.596,49.31,105.913,2.528,3.817,4.226
2022-10-28,119.98,1.584,2.55,46.09,105.925,2.456,3.82,4.14
2022-10-31,120.258,1.544,2.64,47.86,105.933,2.576,3.807,4.101
2022-11-01,120.081,1.56,2.65,47.86,105.931,2.572,3.81,4.239
2022-11-02,119.791,1.582,2.626,48.02,105.945,2.536,3.817,4.273
2022-11-03,119.998,1.57,2.576,47.37,105.939,2.456,3.805,4.243
2022-11-04,119.821,1.59,2.55,47.86,105.934,2.44,3.804,4.37
2022-11-07,119.902,1.604,2.568,48.98,105.928,2.448,3.832,4.37
2022-11-08,119.968,1.6,2.594,49.63,105.953,2.452,3.839,4.347
2022-11-09,120.08,1.602,2.604,52.2,105.952,2.468,3.945,4.307
2022-11-10,120.049,1.602,2.566,50.59,105.932,2.424,3.925,4.286
2022-11-11,119.766,1.648,2.678,51.4,105.923,2.58,3.952,4.384
2022-11-14,119.129,1.636,2.648,51.08,105.849,2.564,3.913,4.386
2022-11-15,118.999,1.648,2.652,51.56,105.76,2.576,3.933,4.461
2022-11-16,118.648,1.642,2.672,51.88,105.726,2.604,3.954,4.432
2022-11-17,119.0,1.638,2.67,53.01,105.684,2.584,3.958,4.415
2022-11-18,118.966,1.632,2.652,52.04,105.76,2.568,3.952,4.402
2022-11-21,119.176,1.62,2.672,51.72,105.82,2.56,3.936,4.369
2022-11-22,119.006,1.638,2.666,51.88,105.849,2.54,3.932,4.367
2022-11-23,119.232,1.654,2.702,50.92,105.895,2.576,3.932,4.37
2022-11-24,119.53,1.658,2.722,51.08,105.908,2.604,3.947,4.352
2022-11-25,119.326,1.698,2.734,50.76,105.939,2.616,3.959,4.373
2022-11-28,119.02,1.68,2.722,49.95,105.949,2.584,3.962,4.328
2022-11-29,118.587,1.728,2.692,51.4,105.834,2.58,3.951,4.444
2022-11-30,118.737,1.728,2.674,51.08,105.943,2.544,3.944,4.447
2022-12-01,118.86,1.716,2.726,52.04,105.927,2.624,3.956,4.492
2022-12-02,118.957,1.702,2.716,52.37,105.956,2.604,3.979,4.469
2022-12-05,118.849,1.732,2.674,53.01,105.967,2.576,3.94,4.54
2022-12-06,118.589,1.722,2.632,52.37,105.986,2.54,3.898,4.563
2022-12-07,118.613,1.712,2.596,52.53,105.98,2.512,3.898,4.551
2022-12-08,118.901,1.722,2.59,52.37,105.979,2.504,3.91,4.56
2022-12-09,118.761,1.714,2.61,53.98,105.943,2.516,3.924,4.594
2022-12-12,118.781,1.68,2.588,52.53,105.926,2.496,3.921,4.552
2022-12-13,118.593,1.686,2.628,51.72,105.919,2.536,3.924,4.541
2022-12-14,118.888,1.678,2.65,51.4,105.904,2.56,3.963,4.551
2022-12-15,118.921,1.664,2.626,51.24,105.918,2.516,3.933,4.549
2022-12-16,118.937,1.676,2.568,50.59,105.944,2.46,3.915,4.553
2022-12-19,119.149,1.652,2.54,49.15,105.953,2.452,3.942,4.495
2022-12-20,119.08,1.636,2.502,49.63,105.993,2.42,3.943,4.432
2022-12-21,119.133,1.636,2.532,49.47,105.978,2.448,3.981,4.429
2022-12-22,119.137,1.628,2.562,47.37,105.986,2.448,3.981,4.437
2022-12-23,119.122,1.618,2.532,47.05,106.006,2.428,3.948,4.427
2022-12-26,119.037,1.618,2.54,48.02,106.053,2.416,3.953,4.436
2022-12-27,119.008,1.638,2.548,47.86,106.057,2.444,3.963,4.483
2022-12-28,119.032,1.636,2.52,46.25,106.078,2.4,3.966,4.47
2022-12-29,119.171,1.628,2.488,46.09,106.079,2.396,3.96,4.458
2022-12-30,119.333,1.636,2.51,47.21,106.158,2.4,3.986,4.474
2023-01-03,119.34,1.644,2.5,48.66,106.133,2.4,3.987,4.485
2023-01-04,119.439,1.654,2.49,49.15,106.171,2.388,4.002,4.49
2023-01-05,119.441,1.652,2.492,48.34,106.181,2.396,4.001,4.565
2023-01-06,119.291,1.654,2.476,47.21,106.197,2.38,3.972,4.581
2023-01-09,119.349,1.652,2.508,46.73,106.218,2.416,4.015,4.606
2023-01-10,119.256,1.64,2.496,46.25,106.256,2.408,4.013,4.612
2023-01-11,119.12,1.648,2.512,45.6,106.248,2.428,4.025,4.612
2023-01-12,119.152,1.644,2.528,45.76,106.238,2.472,4.019,4.618
2023-01-13,119.133,1.662,2.522,45.6,106.254,2.452,4.027,4.68
2023-01-16,118.913,1.664,2.524,45.76,106.256,2.456,4.05,4.743
2023-01-17,118.942,1.66,2.534,45.6,106.244,2.464,4.066,4.739
2023-01-18,118.866,1.668,2.546,48.02,106.247,2.476,4.056,4.73
2023-01-19,118.829,1.674,2.496,48.5,106.283,2.44,4.068,4.758
2023-01-20,118.969,1.69,2.5,47.86,106.316,2.46,4.101,4.781
2023-01-30,119.049,1.68,2.568,48.66,106.337,2.54,4.096,4.805
2023-01-31,119.127,1.688,2.546,48.66,106.375,2.496,4.069,4.759
2023-02-01,119.137,1.698,2.58,49.63,106.382,2.536,4.091,4.79
2023-02-02,119.201,1.696,2.606,56.07,106.386,2.596,4.125,4.78
2023-02-03,119.305,1.686,2.628,55.43,106.414,2.624,4.071,4.737
2023-02-06,119.31,1.68,2.618,62.35,106.427,2.616,4.018,4.68
2023-02-07,119.285,1.686,2.622,59.77,106.443,2.62,4.01,4.69
2023-02-08,119.228,1.68,2.65,54.78,106.441,2.664,4.01,4.673
2023-02-09,119.241,1.694,2.64,53.82,106.438,2.632,4.019,4.727
2023-02-10,119.328,1.702,2.604,53.82,106.456,2.592,3.993,4.703
2023-02-13,119.355,1.708,2.618,53.33,106.465,2.584,4.018,4.735
2023-02-14,119.375,1.714,2.652,53.01,106.495,2.62,4.015,4.744
2023-02-15,119.33,1.71,2.646,53.33,106.496,2.628,4.002,4.716
2023-02-16,119.341,1.704,2.676,51.56,106.509,2.684,4.001,4.687
2023-02-17,119.377,1.698,2.632,51.4,106.51,2.616,3.992,4.629
2023-02-20,119.349,1.734,2.634,52.2,106.513,2.616,4.01,4.734
2023-02-21,119.329,1.752,2.626,52.85,106.52,2.608,4.005,4.739
2023-02-22,119.353,1.756,2.596,52.53,106.524,2.564,4.017,4.699
2023-02-23,119.36,1.748,2.6,51.88,106.527,2.58,4.008,4.699
2023-02-24,119.344,1.75,2.614,52.37,106.527,2.588,4.021,4.66
2023-02-27,119.32,1.742,2.602,51.4,106.511,2.568,4.01,4.645
2023-02-28,119.303,1.75,2.602,51.88,106.528,2.576,4.015,4.671
2023-03-01,119.324,1.76,2.582,52.69,106.531,2.568,4.029,4.72
2023-03-02,119.295,1.776,2.556,53.33,106.54,2.524,4.026,4.715
2023-03-03,119.277,1.79,2.584,52.53,106.562,2.556,4.044,4.724
2023-03-06,119.436,1.79,2.632,52.2,106.594,2.62,4.071,4.699
2023-03-07,119.573,1.784,2.64,50.92,106.606,2.624,4.076,4.642
2023-03-08,119.698,1.78,2.608,51.56,106.601,2.6,4.033,4.626
2023-03-09,119.696,1.778,2.614,51.72,106.612,2.612,4.033,4.616
2023-03-10,119.74,1.742,2.55,51.08,106.636,2.552,4.061,4.561
2023-03-13,119.78,1.766,2.554,51.08,106.637,2.56,4.089,4.605
2023-03-14,119.819,1.758,2.502,50.11,106.639,2.524,4.142,4.58
2023-03-15,119.769,1.786,2.544,51.08,106.643,2.584,4.139,4.579
2023-03-16,119.886,1.772,2.528,49.79,106.647,2.596,4.174,4.533
2023-03-17,119.962,1.8,2.562,49.63,106.676,2.664,4.198,4.554
2023-03-20,119.999,1.788,2.518,49.15,106.694,2.628,4.327,4.532
2023-03-21,119.827,1.784,2.562,50.27,106.704,2.652,4.286,4.575
2023-03-22,119.877,1.794,2.59,50.59,106.704,2.7,4.223,4.593
2023-03-23,119.853,1.794,2.548,51.24,106.715,2.668,4.253,4.631
2023-03-24,119.815,1.78,2.552,51.24,106.731,2.688,4.275,4.626
2023-03-27,119.853,1.766,2.584,50.59,106.726,2.72,4.246,4.605
2023-03-28,119.845,1.772,2.582,49.47,106.737,2.7,4.225,4.597
2023-03-29,119.92,1.762,2.592,49.15,106.744,2.7,4.24,4.597
2023-03-30,119.798,1.766,2.61,49.31,106.736,2.724,4.248,4.64
2023-03-31,119.852,1.774,2.616,48.66,106.8,2.736,4.281,4.65
2023-04-03,119.874,1.792,2.652,49.15,106.794,2.772,4.221,4.68
2023-04-04,119.917,1.804,2.668,48.18,106.83,2.784,4.269,4.7
2023-04-06,119.938,1.792,2.642,48.5,106.858,2.732,4.33,4.688
2023-04-07,120.02,1.786,2.652,49.47,106.867,2.756,4.328,4.717
2023-04-10,120.09,1.784,2.65,47.86,106.886,2.744,4.287,4.702
2023-04-11,120.099,1.808,2.664,48.02,106.895,2.756,4.311,4.692
2023-04-12,120.224,1.844,2.66,47.86,106.901,2.74,4.341,4.688
2023-04-13,120.254,1.846,2.65,48.02,106.911,2.72,4.346,4.663
2023-04-14,120.194,1.838,2.664,47.37,106.92,2.744,4.366,4.684
2023-04-17,120.186,1.858,2.678,46.89,106.941,2.756,4.324,4.745
2023-04-18,120.214,1.864,2.682,46.57,106.948,2.752,4.305,4.752
2023-04-19,120.33,1.868,2.682,45.76,106.948,2.748,4.297,4.719
2023-04-20,120.239,1.882,2.68,45.28,106.926,2.748,4.308,4.703
2023-04-21,120.407,1.856,2.672,44.31,106.964,2.736,4.288,4.63
2023-04-24,120.51,1.86,2.668,44.8,106.983,2.728,4.277,4.579
2023-04-25,120.525,1.872,2.678,43.03,106.988,2.732,4.316,4.56
2023-04-26,120.573,1.876,2.66,43.67,106.991,2.728,4.323,4.551
2023-04-27,120.664,1.88,2.646,43.19,106.998,2.732,4.333,4.586
2023-04-28,120.749,1.92,2.686,45.28,107.027,2.78,4.298,4.625
2023-05-04,120.964,1.978,2.662,44.48,107.044,2.764,4.395,4.625
2023-05-05,121.165,1.968,2.652,43.83,107.08,2.756,4.415,4.609
2023-05-08,121.035,2.022,2.688,43.51,107.105,2.8,4.368,4.654
2023-05-09,121.149,1.996,2.69,43.03,107.117,2.804,4.377,4.619
2023-05-10,121.311,1.946,2.69,42.86,107.144,2.804,4.398,4.588
2023-05-11,121.487,1.96,2.704,41.74,107.157,2.84,4.394,4.583
2023-05-12,121.365,1.926,2.706,40.77,107.178,2.848,4.365,4.532
2023-05-15,121.36,1.918,2.706,44.15,107.202,2.844,4.382,4.595
2023-05-16,121.316,1.894,2.704,43.51,107.202,2.856,4.369,4.578
2023-05-17,121.305,1.892,2.71,43.03,107.208,2.876,4.353,4.551
2023-05-18,121.296,1.912,2.746,42.7,107.218,2.916,4.345,4.55
2023-05-19,121.427,1.882,2.788,43.03,107.226,2.996,4.33,4.544
2023-05-22,121.453,1.878,2.776,42.06,107.241,2.98,4.347,4.564
2023-05-23,121.708,1.852,2.788,41.25,107.264,2.996,4.33,4.507
2023-05-24,121.667,1.826,2.762,41.42,107.275,2.952,4.352,4.454
2023-05-25,121.564,1.814,2.76,41.42,107.273,2.996,4.335,4.445
2023-05-26,121.352,1.844,2.758,41.09,107.303,3.008,4.31,4.45
2023-05-29,121.459,1.848,2.814,41.42,107.31,3.116,4.314,4.434
2023-05-30,121.465,1.862,2.826,43.67,107.311,3.12,4.3,4.438
2023-05-31,121.504,1.846,2.804,43.51,107.318,3.108,4.365,4.402
2023-06-01,121.654,1.854,2.808,42.06,107.324,3.104,4.362,4.41
2023-06-02,121.579,1.854,2.824,42.22,107.351,3.144,4.375,4.463
2023-06-05,121.626,1.878,2.876,42.7,107.361,3.16,4.324,4.445
2023-06-06,121.76,1.862,2.866,41.9,107.371,3.164,4.357,4.408
2023-06-07,121.869,1.882,2.88,41.09,107.385,3.176,4.363,4.396
2023-06-08,121.844,1.892,2.866,39.97,107.398,3.104,4.338,4.428
2023-06-09,121.977,1.898,2.882,38.68,107.399,3.156,4.375,4.444
2023-06-12,122.058,1.88,2.906,39.64,107.413,3.192,4.378,4.448
2023-06-13,122.279,1.876,2.942,39.81,107.429,3.264,4.388,4.477
2023-06-14,122.598,1.862,2.952,39.0,107.448,3.268,4.363,4.477
2023-06-15,122.245,1.866,2.944,38.84,107.443,3.288,4.329,4.542
2023-06-16,121.794,1.866,2.968,39.0,107.415,3.32,4.359,4.579
2023-06-19,121.888,1.836,2.968,37.87,107.417,3.304,4.366,4.549
2023-06-20,121.866,1.824,2.974,37.55,107.411,3.3,4.374,4.542
2023-06-21,122.01,1.812,2.974,36.91,107.467,3.312,4.356,4.487
2023-06-26,122.169,1.774,2.964,35.94,107.464,3.288,4.354,4.443
2023-06-27,121.972,1.81,2.948,37.71,107.46,3.244,4.35,4.469
2023-06-28,121.989,1.818,2.978,36.91,107.441,3.288,4.335,4.477
2023-06-29,122.031,1.812,2.992,37.39,107.429,3.312,4.343,4.459
2023-06-30,122.262,1.822,3.006,37.87,107.497,3.312,4.349,4.482
2023-07-03,122.203,1.844,3.044,38.03,107.499,3.372,4.358,4.527
2023-07-04,122.217,1.842,3.032,37.87,107.533,3.348,4.364,4.534
2023-07-05,122.233,1.838,3.03,37.71,107.585,3.352,4.367,4.507
2023-07-06,122.276,1.832,3.024,37.71,107.578,3.356,4.365,4.479
2023-07-07,122.309,1.836,3.004,37.55,107.582,3.34,4.359,4.468
2023-07-10,122.331,1.84,2.984,37.07,107.593,3.312,4.37,4.484
2023-07-11,122.426,1.842,2.998,38.84,107.615,3.328,4.374,4.51
2023-07-12,122.447,1.844,3.012,38.19,107.613,3.332,4.371,4.491
2023-07-13,122.395,1.866,3.032,39.32,107.613,3.388,4.408,4.554
2023-07-14,122.346,1.874,3.026,39.32,107.634,3.4,4.388,4.552
2023-07-17,122.463,1.86,3.042,39.81,107.641,3.416,4.406,4.524
2023-07-18,122.638,1.856,3.056,40.45,107.659,3.452,4.422,4.518
2023-07-19,122.614,1.87,3.104,40.13,107.669,3.504,4.473,4.516
2023-07-20,122.623,1.858,3.082,39.64,107.672,3.46,4.47,4.488
2023-07-21,122.771,1.856,3.072,39.16,107.687,3.404,4.453,4.49
2023-07-24,122.854,1.86,3.082,38.84,107.696,3.412,4.442,4.473
2023-07-25,122.392,1.894,3.076,40.13,107.67,3.408,4.42,4.585
2023-07-26,122.51,1.89,3.082,41.25,107.679,3.416,4.439,4.576
2023-07-27,122.644,1.894,3.09,41.25,107.68,3.444,4.448,4.572
2023-07-28,122.603,1.926,3.068,40.93,107.676,3.432,4.404,4.668
2023-07-31,122.454,1.938,3.078,42.06,107.677,3.468,4.409,4.684
2023-08-01,122.545,1.938,3.098,42.54,107.709,3.476,4.426,4.666
2023-08-02,122.651,1.918,3.074,42.22,107.734,3.428,4.425,4.637
2023-08-03,122.714,1.922,3.046,42.7,107.753,3.372,4.406,4.673
2023-08-04,122.715,1.924,3.052,43.03,107.774,3.4,4.401,4.694
2023-08-07,122.758,1.906,3.036,42.38,107.792,3.372,4.41,4.663
2023-08-08,122.795,1.914,3.058,41.58,107.798,3.376,4.414,4.648
2023-08-09,122.835,1.9,3.058,40.61,107.805,3.372,4.411,4.64
2023-08-10,122.819,1.9,3.042,40.61,107.817,3.34,4.396,4.645
2023-08-11,122.836,1.88,3.044,40.45,107.834,3.348,4.415,4.55
2023-08-14,122.949,1.876,3.05,41.09,107.848,3.328,4.421,4.523
2023-08-15,123.279,1.888,3.082,40.13,107.869,3.384,4.431,4.519
2023-08-16,123.475,1.878,3.048,39.48,107.876,3.348,4.433,4.489
2023-08-17,123.465,1.876,3.03,39.97,107.88,3.324,4.429,4.502
2023-08-18,123.54,1.872,2.994,39.48,107.891,3.268,4.421,4.452
2023-08-21,123.819,1.858,3.006,39.64,107.906,3.276,4.438,4.4
2023-08-22,123.675,1.884,3.018,44.96,107.906,3.328,4.431,4.423
2023-08-23,123.663,1.878,3.02,46.57,107.907,3.328,4.452,4.368
2023-08-24,123.636,1.87,3.064,43.51,107.914,3.42,4.464,4.391
2023-08-25,123.579,1.868,3.002,39.64,107.922,3.288,4.448,4.384
2023-08-28,123.491,1.89,3.03,38.19,107.896,3.336,4.45,4.437
2023-08-29,123.271,1.892,3.048,39.97,107.885,3.36,4.462,4.459
2023-08-30,123.342,1.874,3.09,42.54,107.881,3.428,4.477,4.458
2023-08-31,123.427,1.864,3.106,44.48,107.902,3.44,4.494,4.439
2023-09-01,123.304,1.874,3.088,44.48,107.93,3.44,4.489,4.462
2023-09-04,122.942,1.912,3.094,44.48,107.936,3.452,4.506,4.52
2023-09-05,123.012,1.894,3.096,44.64,107.937,3.448,4.508,4.493
2023-09-06,122.869,1.886,3.096,44.15,107.935,3.452,4.505,4.483
2023-09-07,122.76,1.884,3.07,43.67,107.924,3.428,4.504,4.43
2023-09-08,122.848,1.876,3.088,44.31,106.794,3.436,4.536,4.409
2023-09-11,122.835,1.888,3.072,43.51,107.877,3.42,4.545,4.437
2023-09-12,122.866,1.884,3.082,43.19,107.872,3.44,4.546,4.432
2023-09-13,122.98,1.886,3.06,43.03,107.886,3.404,4.557,4.407
2023-09-14,123.109,1.898,3.074,42.22,107.882,3.424,4.592,4.404
2023-09-15,122.971,1.9,3.096,42.06,107.906,3.448,4.548,4.387
2023-09-18,122.79,1.9,3.062,42.86,107.919,3.392,4.524,4.4
2023-09-19,122.796,1.91,3.06,43.03,107.919,3.388,4.559,4.395
2023-09-20,122.766,1.922,3.056,42.06,107.911,3.388,4.594,4.377
2023-09-21,122.798,1.906,3.024,41.74,107.923,3.328,4.58,4.342
2023-09-22,122.635,1.916,2.986,42.7,107.926,3.296,4.561,4.417
2023-09-25,122.48,1.916,2.98,42.7,107.949,3.296,4.581,4.389
2023-09-26,122.389,1.912,2.966,41.9,107.933,3.268,4.578,4.368
2023-09-27,122.376,1.906,2.95,40.77,107.926,3.264,4.511,4.378
2023-09-28,122.689,1.904,2.942,42.22,107.999,3.256,4.436,4.364
2023-10-09,122.72,1.898,2.94,41.9,108.041,3.304,4.405,4.354
2023-10-10,122.738,1.872,2.98,43.19,108.083,3.356,4.348,4.327
2023-10-11,122.525,1.872,2.998,48.98,108.091,3.388,4.355,4.335
2023-10-12,122.552,1.896,3.02,48.5,108.093,3.408,4.39,4.371
2023-10-13,122.703,1.894,2.994,47.7,108.116,3.388,4.405,4.336
2023-10-16,122.803,1.902,2.992,46.57,108.131,3.356,4.46,4.293
2023-10-17,122.731,1.912,3.014,47.21,108.14,3.38,4.48,4.305
2023-10-18,122.704,1.902,3.01,45.76,108.138,3.36,4.523,4.277
2023-10-19,122.519,1.862,2.97,45.44,108.119,3.316,4.547,4.2
2023-10-20,122.701,1.868,2.934,44.64,108.133,3.28,4.597,4.182
2023-10-23,122.831,1.83,2.914,43.03,108.143,3.256,4.572,4.144
2023-10-24,122.681,1.84,2.91,45.12,108.131,3.276,4.575,4.149
2023-10-25,122.799,1.862,2.912,45.6,108.112,3.268,4.557,4.169
2023-10-26,122.831,1.868,2.866,45.44,108.128,3.168,4.59,4.182
2023-10-27,122.841,1.876,2.866,45.28,108.142,3.18,4.599,4.236
2023-10-30,122.89,1.844,2.854,46.41,108.147,3.18,4.609,4.252
2023-10-31,123.05,1.844,2.862,46.41,108.173,3.176,4.62,4.244
2023-11-01,123.176,1.846,2.892,47.05,108.19,3.224,4.603,4.242
2023-11-02,123.297,1.85,2.926,46.57,108.208,3.288,4.613,4.225
2023-11-03,123.285,1.838,2.972,46.73,108.231,3.316,4.61,4.253
2023-11-06,123.272,1.834,2.988,47.05,108.231,3.352,4.587,4.301
2023-11-07,123.336,1.838,2.984,48.66,108.248,3.352,4.569,4.29
2023-11-08,123.344,1.838,2.994,48.02,108.256,3.388,4.551,4.279
2023-11-09,123.351,1.842,3.01,47.7,108.263,3.408,4.521,4.282
2023-11-10,123.368,1.832,2.986,47.53,108.282,3.368,4.554,4.255
2023-11-13,123.423,1.838,3.026,48.66,108.29,3.44,4.538,4.25
2023-11-14,123.352,1.84,3.036,48.34,108.295,3.448,4.558,4.25
2023-11-15,123.316,1.854,3.078,48.34,108.289,3.504,4.577,4.275
2023-11-16,123.414,1.852,3.082,48.18,108.298,3.492,4.559,4.239
2023-11-17,123.464,1.848,3.08,48.34,108.331,3.504,4.572,4.234
2023-11-20,123.461,1.856,3.048,48.34,108.346,3.452,4.522,4.245
2023-11-21,123.488,1.862,3.06,47.86,108.348,3.492,4.516,4.25
2023-11-22,123.421,1.854,3.056,46.89,108.339,3.464,4.499,4.211
2023-11-23,123.254,1.866,3.066,48.18,108.341,3.488,4.495,4.23
2023-11-24,123.272,1.866,3.07,47.37,108.353,3.492,4.499,4.205
2023-11-27,123.234,1.852,3.068,48.98,108.359,3.472,4.546,4.181
2023-11-28,123.325,1.852,3.07,48.82,108.359,3.484,4.56,4.185
2023-11-29,123.288,1.838,3.064,49.79,108.323,3.488,4.591,4.158
2023-11-30,123.332,1.842,3.062,49.79,108.383,3.484,4.589,4.162
2023-12-01,123.442,1.864,3.078,49.95,108.393,3.464,4.589,4.148
2023-12-04,123.375,1.856,3.094,49.63,108.405,3.468,4.643,4.124
2023-12-05,123.38,1.832,3.068,48.5,108.405,3.428,4.58,4.058
2023-12-06,123.335,1.826,3.092,48.5,108.399,3.476,4.578,4.063
2023-12-07,123.381,1.824,3.066,47.53,108.403,3.444,4.584,4.054
2023-12-08,123.429,1.822,3.09,46.73,108.403,3.496,4.591,4.061
2023-12-11,123.657,1.84,3.118,51.24,108.409,3.524,4.557,4.085
2023-12-12,123.598,1.85,3.134,51.56,108.421,3.56,4.539,4.093
2023-12-13,123.75,1.838,3.152,52.85,108.447,3.6,4.529,4.035
2023-12-14,123.741,1.836,3.186,52.2,108.444,3.644,4.598,4.019
2023-12-15,123.82,1.826,3.172,51.08,108.478,3.6,4.59,4.012
2023-12-18,123.905,1.824,3.186,49.95,108.481,3.624,4.576,3.998
2023-12-19,123.917,1.822,3.202,49.31,108.497,3.644,4.589,4.0
2023-12-20,123.871,1.816,3.218,48.5,108.508,3.656,4.604,3.969
2023-12-21,123.926,1.812,3.176,49.63,108.506,3.608,4.605,4.0
2023-12-22,124.018,1.814,3.194,48.66,108.513,3.628,4.627,4.006
2023-12-25,124.12,1.812,3.2,48.02,108.525,3.632,4.634,4.015
2023-12-26,124.178,1.81,3.21,47.7,108.534,3.656,4.647,3.995
2023-12-27,124.276,1.824,3.216,48.98,108.576,3.672,4.66,4.005
2023-12-28,124.276,1.82,3.21,49.79,108.616,3.66,4.662,4.089
2023-12-29,124.502,1.828,3.206,50.59,108.7,3.656,4.648,4.099
2024-01-02,124.73,1.85,3.214,51.24,108.699,3.644,4.666,4.053
2024-01-03,124.411,1.87,3.19,50.43,108.697,3.584,4.663,4.043
2024-01-04,124.659,1.892,3.178,50.92,108.7,3.568,4.651,4.013
2024-01-05,125.017,1.894,3.164,50.27,108.733,3.54,4.664,3.996
2024-01-08,124.83,1.872,3.168,48.66,108.741,3.544,4.65,3.949
2024-01-09,124.982,1.886,3.222,48.66,108.755,3.644,4.649,3.957
2024-01-10,124.941,1.876,3.22,49.15,108.772,3.64,4.631,3.941
2024-01-11,124.862,1.86,3.246,48.82,108.775,3.688,4.631,3.96
2024-01-12,124.729,1.868,3.232,48.82,108.797,3.672,4.646,3.949
2024-01-15,124.748,1.882,3.248,47.7,108.801,3.696,4.673,3.945
2024-01-16,124.711,1.894,3.232,47.53,108.816,3.664,4.677,3.967
2024-01-17,124.858,1.868,3.218,45.76,108.815,3.66,4.631,3.892
2024-01-18,124.95,1.856,3.22,44.96,108.822,3.668,4.616,3.937
2024-01-19,125.016,1.844,3.252,46.09,108.844,3.756,4.643,3.944
2024-01-22,125.127,1.796,3.304,43.03,108.851,3.896,4.625,3.875
2024-01-23,125.066,1.808,3.312,42.54,108.856,3.848,4.632,3.897
2024-01-24,125.079,1.85,3.348,43.99,108.859,3.868,4.626,3.948
2024-01-25,125.089,1.906,3.332,46.25,108.862,3.836,4.605,4.004
2024-01-26,125.18,1.938,3.308,45.6,108.882,3.796,4.625,3.998
2024-01-29,125.25,1.938,3.322,43.35,108.895,3.832,4.634,3.968
2024-01-30,125.599,1.924,3.362,40.29,108.915,3.896,4.647,3.912
2024-01-31,125.804,1.912,3.348,37.87,108.932,3.808,4.653,3.891
2024-02-01,125.817,1.892,3.32,38.52,108.944,3.764,4.668,3.887
2024-02-02,125.79,1.896,3.376,35.3,108.964,3.852,4.679,3.857
2024-02-05,125.985,1.9,3.39,30.3,108.984,3.88,4.643,3.877
2024-02-06,125.657,1.926,3.39,26.92,108.972,3.892,4.633,3.98
2024-02-07,125.727,1.948,3.402,23.7,108.997,3.86,4.642,4.009
2024-02-08,125.9,1.946,3.49,26.92,109.037,3.952,4.662,4.031
2024-02-19,125.923,1.992,3.474,29.98,109.06,3.924,4.644,4.058
2024-02-20,126.009,2.008,3.462,30.47,109.096,3.92,4.642,4.07
2024-02-21,126.094,2.018,3.434,31.91,109.1,3.872,4.642,4.118
2024-02-22,126.071,2.042,3.482,36.58,109.11,3.932,4.639,4.144
2024-02-23,126.252,2.046,3.532,38.19,109.129,3.988,4.63,4.147
2024-02-26,126.353,1.994,3.51,36.26,109.16,3.944,4.651,4.112
2024-02-27,126.54,2.008,3.522,37.07,109.155,3.936,4.646,4.153
2024-02-28,126.702,1.992,3.566,33.2,109.144,3.944,4.645,4.117
2024-02-29,126.904,2.008,3.544,34.49,109.168,3.912,4.647,4.172
2024-03-01,126.438,2.008,3.562,35.46,109.198,3.976,4.667,4.199
2024-03-04,126.596,2.018,3.588,35.62,109.212,4.032,4.725,4.196
2024-03-05,126.623,2.036,3.578,34.49,109.217,3.992,4.789,4.225
2024-03-06,127.027,2.036,3.562,34.97,109.222,3.976,4.824,4.211
2024-03-07,127.161,2.042,3.552,34.17,109.238,3.956,4.885,4.192
2024-03-08,127.132,2.054,3.6,34.97,109.256,4.024,4.881,4.202
2024-03-11,127.005,2.04,3.588,38.36,109.258,3.964,4.899,4.25
2024-03-12,126.52,1.99,3.576,36.58,109.249,3.976,4.879,4.255
2024-03-13,126.47,1.986,3.566,41.58,109.233,4.004,4.87,4.234
2024-03-14,126.428,1.992,3.568,42.86,109.246,3.988,4.877,4.221
2024-03-15,126.574,1.994,3.55,40.45,109.265,3.96,4.899,4.23
2024-03-18,126.681,1.996,3.562,40.45,109.281,3.964,4.86,4.261
2024-03-19,126.965,1.988,3.548,40.45,109.284,3.94,4.87,4.238
2024-03-20,126.826,2.0,3.58,40.61,109.295,3.96,4.88,4.241
2024-03-21,126.826,2.012,3.652,40.93,109.304,4.032,4.978,4.239
2024-03-22,126.82,2.002,3.674,42.22,109.332,4.036,4.946,4.208
2024-03-25,126.645,2.006,3.65,39.64,109.343,4.02,4.956,4.189
2024-03-26,126.664,2.008,3.664,38.84,109.339,4.04,4.966,4.2
2024-03-27,126.75,1.996,3.688,37.07,109.343,4.028,4.99,4.162
2024-03-28,126.773,2.0,3.736,38.19,109.332,4.032,5.029,4.179
2024-03-29,126.914,2.03,3.712,38.84,109.383,4.02,5.126,4.195
2024-04-01,126.762,2.03,3.698,40.93,109.378,4.044,5.155,4.253
2024-04-02,126.816,2.046,3.684,40.45,109.384,4.028,5.159,4.241
2024-04-03,127.083,2.066,3.604,40.13,109.43,3.992,5.231,4.227
2024-04-08,127.135,2.072,3.614,40.45,109.45,3.988,5.354,4.198
2024-04-09,127.275,2.058,3.626,40.13,109.465,3.996,5.369,4.192
2024-04-10,127.178,2.06,3.62,38.36,109.483,4.016,5.388,4.166
2024-04-11,127.159,2.086,3.576,37.87,109.495,3.976,5.348,4.163
2024-04-12,127.394,2.08,3.604,37.23,109.534,4.04,5.504,4.135
2024-04-15,127.51,2.126,3.566,34.97,109.555,3.996,5.417,4.208
2024-04-16,127.521,2.122,3.482,30.14,109.561,3.896,5.452,4.176
2024-04-17,127.566,2.164,3.468,32.88,109.562,3.892,5.461,4.222
2024-04-18,127.785,2.164,3.46,33.52,109.577,3.884,5.445,4.228
2024-04-19,127.814,2.168,3.418,32.72,109.598,3.808,5.471,4.2
2024-04-22,127.902,2.124,3.432,32.56,109.615,3.784,5.364,4.193
2024-04-23,128.199,2.092,3.456,32.56,109.63,3.788,5.232,4.168
2024-04-24,127.627,2.086,3.532,34.17,109.639,3.876,5.287,4.182
2024-04-25,127.689,2.104,3.478,34.49,109.629,3.816,5.288,4.192
2024-04-26,127.393,2.078,3.492,35.62,109.612,3.888,5.329,4.242
2024-04-29,126.777,2.072,3.508,36.1,109.529,3.904,5.294,4.285
2024-04-30,127.244,2.08,3.516,37.39,109.64,3.912,5.286,4.267
2024-05-06,127.336,2.094,3.518,36.75,109.651,3.924,5.254,4.317
2024-05-07,127.655,2.096,3.554,36.58,109.668,3.96,5.268,4.319
2024-05-08,127.781,2.106,3.568,36.26,109.689,3.968,5.261,4.29
2024-05-09,127.6,2.122,3.558,36.58,109.696,3.96,5.25,4.325
2024-05-10,127.425,2.132,3.598,35.94,109.707,3.98,5.369,4.327
2024-05-13,127.69,2.144,3.614,34.49,109.72,4.0,5.337,4.324
2024-05-14,127.753,2.136,3.614,36.91,109.733,4.0,5.329,4.318
2024-05-15,127.664,2.132,3.652,37.39,109.748,4.024,5.37,4.292
2024-05-16,127.58,2.136,3.7,37.23,109.749,4.088,5.417,4.304
2024-05-17,127.41,2.15,3.688,37.55,109.76,4.08,5.416,4.345
2024-05-20,127.633,2.174,3.668,37.71,109.75,4.084,5.55,4.353
2024-05-21,127.551,2.178,3.67,36.91,109.763,4.108,5.481,4.341
2024-05-22,127.647,2.176,3.688,37.39,109.771,4.124,5.492,4.349
2024-05-23,127.791,2.152,3.698,36.58,109.79,4.16,5.366,4.312
2024-05-24,127.736,2.152,3.636,35.78,109.807,4.088,5.319,4.271
2024-05-27,127.714,2.19,3.668,35.3,109.817,4.144,5.338,4.301
2024-05-28,127.878,2.18,3.676,34.17,109.817,4.16,5.334,4.278
2024-05-29,127.984,2.184,3.658,34.33,109.817,4.14,5.37,4.279
2024-05-30,127.991,2.166,3.612,34.01,109.828,4.1,5.317,4.265
2024-05-31,127.798,2.17,3.614,34.01,109.838,4.076,5.343,4.251
2024-06-03,127.879,2.142,3.67,32.72,109.852,4.1,5.296,4.256
2024-06-04,127.888,2.152,3.676,31.91,109.862,4.084,5.346,4.281
2024-06-05,128.029,2.12,3.694,32.08,109.868,4.116,5.324,4.268
2024-06-06,128.066,2.132,3.746,27.57,109.874,4.204,5.398,4.268
2024-06-07,128.168,2.15,3.764,29.18,109.894,4.204,5.399,4.245
2024-06-11,128.186,2.11,3.778,30.14,109.895,4.212,5.237,4.22
2024-06-12,128.138,2.132,3.784,30.63,109.893,4.248,5.267,4.216
2024-06-13,128.234,2.11,3.818,29.5,109.902,4.332,5.269,4.203
2024-06-14,128.301,2.116,3.806,29.18,109.914,4.332,5.271,4.223
2024-06-17,128.372,2.088,3.786,28.85,109.93,4.352,5.279,4.213
2024-06-18,128.489,2.094,3.804,29.66,109.936,4.408,5.284,4.224
2024-06-19,128.512,2.102,3.808,29.18,109.932,4.408,5.305,4.214
2024-06-20,128.61,2.1,3.842,28.21,109.936,4.432,5.351,4.191
2024-06-21,128.509,2.1,3.828,28.05,109.952,4.376,5.376,4.185
2024-06-24,128.624,2.072,3.82,26.12,109.957,4.36,5.29,4.168
2024-06-25,128.764,2.084,3.814,26.44,109.961,4.308,5.302,4.147
2024-06-26,128.819,2.094,3.866,28.05,109.968,4.376,5.271,4.168
2024-06-27,128.984,2.092,3.896,27.08,109.977,4.372,5.242,4.149
2024-06-28,129.13,2.118,3.942,27.41,110.011,4.428,5.297,4.156
2024-07-01,128.72,2.156,3.934,26.76,110.023,4.42,5.299,4.17
2024-07-02,128.925,2.16,3.942,27.24,110.028,4.428,5.306,4.165
2024-07-03,129.036,2.136,3.998,27.73,110.041,4.524,5.34,4.159
2024-07-04,129.09,2.128,3.954,25.96,110.052,4.54,5.365,4.144
2024-07-05,128.85,2.114,3.986,26.76,110.064,4.576,5.381,4.127
2024-07-08,128.474,2.104,3.998,25.31,110.073,4.62,5.384,4.103
2024-07-09,128.792,2.13,3.992,25.47,110.068,4.64,5.362,4.14
2024-07-10,128.787,2.088,3.97,24.51,110.077,4.604,5.397,4.132
2024-07-11,128.872,2.092,4.008,26.28,110.08,4.66,5.417,4.178
2024-07-12,129.033,2.094,3.948,26.12,110.096,4.488,5.446,4.188
2024-07-15,129.14,2.114,4.048,24.83,110.105,4.616,5.442,4.195
2024-07-16,129.113,2.106,4.056,24.83,110.114,4.608,5.505,4.22
2024-07-17,129.255,2.094,4.106,24.18,110.115,4.56,5.576,4.225
2024-07-18,129.179,2.102,4.054,24.18,110.119,4.484,5.573,4.246
2024-07-19,129.209,2.086,3.958,24.18,110.129,4.416,5.425,4.269
2024-07-22,129.472,2.066,3.912,24.02,110.137,4.408,5.421,4.24
2024-07-23,129.706,2.058,3.966,23.38,110.149,4.444,5.394,4.17
2024-07-24,129.819,2.058,3.936,22.57,110.158,4.368,5.465,4.148
2024-07-25,129.836,2.048,3.822,22.57,110.168,4.248,5.327,4.128
2024-07-26,130.043,2.032,3.854,23.54,110.18,4.248,5.35,4.143
2024-07-29,130.139,2.042,3.944,23.7,110.186,4.332,5.387,4.123
2024-07-30,130.203,2.026,3.924,24.67,110.19,4.276,5.394,4.1
2024-07-31,130.356,2.048,3.896,25.79,110.187,4.292,5.436,4.177
2024-08-01,130.568,2.05,3.944,25.31,110.209,4.404,5.48,4.152
2024-08-02,130.585,2.046,3.824,25.15,110.234,4.164,5.505,4.116
2024-08-05,130.949,2.026,3.57,24.35,110.242,3.86,5.366,4.077
2024-08-06,130.514,2.014,3.608,25.15,110.246,4.004,5.327,4.077
2024-08-07,130.853,2.024,3.622,24.99,110.254,4.004,5.352,4.07
2024-08-08,130.425,2.024,3.598,28.85,110.256,3.936,5.349,4.074
2024-08-09,130.161,2.028,3.67,33.2,110.262,4.048,5.396,4.062
2024-08-12,129.312,2.034,3.72,37.87,110.229,4.084,5.437,4.058
2024-08-13,129.705,2.04,3.774,43.03,110.224,4.112,5.474,4.063
2024-08-14,130.129,2.034,3.844,38.19,110.245,4.192,5.456,4.039
2024-08-15,129.971,2.058,3.896,33.04,110.264,4.22,5.443,4.077
2024-08-16,130.088,2.066,3.95,28.37,110.276,4.392,5.453,4.079
2024-08-19,130.285,2.096,3.884,27.24,110.273,4.316,5.513,4.088
2024-08-20,130.232,2.078,3.932,26.28,110.283,4.412,5.513,4.072
2024-08-21,130.091,2.056,3.934,25.79,110.288,4.396,5.537,4.057
2024-08-22,130.356,2.062,3.942,24.99,110.291,4.4,5.523,4.048
2024-08-23,130.412,2.06,3.928,24.83,110.306,4.356,5.504,4.062
2024-08-26,130.421,2.062,3.956,25.63,110.3,4.36,5.538,4.063
2024-08-27,130.157,2.074,3.956,24.67,110.283,4.3,5.534,4.046
2024-08-28,130.313,2.062,3.994,24.99,110.283,4.316,5.528,4.026
2024-08-29,130.158,2.016,3.948,25.63,110.279,4.22,5.535,4.016
2024-08-30,130.142,2.006,3.956,26.28,110.294,4.264,5.522,4.061
2024-09-02,130.382,2.012,3.998,25.63,110.323,4.292,5.491,4.001
2024-09-03,130.547,1.99,3.996,25.79,110.334,4.292,5.501,4.013
2024-09-04,130.627,1.986,3.838,25.79,110.346,4.064,5.463,3.992
2024-09-05,130.77,1.98,3.858,26.28,110.364,4.092,5.502,3.999
2024-09-06,130.772,1.964,3.838,25.47,110.377,4.104,5.517,3.971
2024-09-09,130.872,1.932,3.81,25.79,110.38,4.068,5.477,3.93
2024-09-10,131.022,1.934,3.79,26.44,110.379,4.096,5.513,3.93
2024-09-11,131.199,1.888,3.798,26.12,110.378,4.128,5.542,3.923
2024-09-12,131.093,1.898,3.862,26.6,110.382,4.264,5.531,3.912
2024-09-13,131.347,1.892,3.882,25.79,110.406,4.284,5.611,3.897
2024-09-18,131.562,1.924,3.878,25.47,110.398,4.26,5.609,3.907
2024-09-19,131.484,1.924,3.93,26.76,110.423,4.304,5.6,3.934
2024-09-20,131.693,1.92,3.94,27.57,110.443,4.324,5.663,3.943
2024-09-23,131.758,1.942,3.948,27.89,110.447,4.344,5.711,3.952
2024-09-24,131.289,2.03,3.92,28.53,110.435,4.32,5.697,4.096
2024-09-25,131.706,2.062,3.89,28.69,110.449,4.28,5.74,4.143
2024-09-26,131.346,2.124,3.896,33.04,110.442,4.344,5.751,4.309
2024-09-27,130.263,2.124,3.838,34.33,110.362,4.276,5.708,4.538
2024-09-30,129.767,2.254,3.816,38.52,110.455,4.256,5.707,4.902
2024-10-08,129.941,2.284,3.786,39.16,110.397,4.232,5.714,5.081
2024-10-09,130.197,2.108,3.85,34.65,110.439,4.3,5.64,4.691
2024-10-10,130.765,2.204,3.912,36.26,110.43,4.356,5.676,4.755
2024-10-11,130.674,2.164,3.934,35.3,110.476,4.352,5.739,4.646
2024-10-14,130.684,2.226,3.976,36.42,110.527,4.352,5.799,4.709
2024-10-15,130.86,2.178,4.094,36.26,110.566,4.44,5.799,4.6
2024-10-16,130.857,2.216,4.048,38.36,110.571,4.392,5.884,4.575
2024-10-17,131.06,2.192,4.09,36.58,110.576,4.416,5.905,4.532
2024-10-18,131.001,2.204,4.054,37.71,110.574,4.384,5.945,4.685
2024-10-21,131.012,2.184,4.036,37.23,110.605,4.396,6.02,4.685
2024-10-22,130.929,2.192,4.012,38.84,110.617,4.396,6.018,4.709
2024-10-23,130.683,2.19,3.998,39.0,110.621,4.416,6.056,4.724
2024-10-24,130.64,2.178,3.982,40.61,110.624,4.368,5.995,4.68
2024-10-25,130.561,2.174,3.982,42.06,110.622,4.388,5.998,4.709
2024-10-28,130.506,2.178,4.024,44.8,110.622,4.44,6.017,4.715
2024-10-29,130.695,2.146,4.01,41.42,110.633,4.428,6.068,4.682
2024-10-30,130.686,2.132,4.04,41.09,110.644,4.476,6.14,4.64
2024-10-31,130.716,2.126,3.992,42.22,110.659,4.396,6.103,4.64
2024-11-01,130.919,2.152,3.942,39.48,110.676,4.34,6.051,4.648
2024-11-04,130.938,2.17,3.926,40.29,110.69,4.356,6.006,4.701
2024-11-05,130.994,2.196,3.922,41.42,110.697,4.336,6.006,4.806
2024-11-06,131.078,2.19,4.058,43.35,110.706,4.492,5.994,4.78
2024-11-07,131.106,2.228,4.09,49.15,110.708,4.56,5.86,4.917
2024-11-08,131.284,2.198,4.126,50.11,110.716,4.6,5.898,4.863
2024-11-11,131.324,2.178,4.178,52.85,110.736,4.632,5.905,4.884
2024-11-12,131.6,2.158,4.226,49.15,110.762,4.64,5.807,4.838
2024-11-13,131.588,2.172,4.19,49.31,110.761,4.608,5.796,4.864
2024-11-14,131.562,2.156,4.244,47.05,110.771,4.624,5.68,4.793
2024-11-15,131.625,2.152,4.176,43.19,110.784,4.556,5.683,4.724
2024-11-18,131.41,2.19,4.204,41.25,110.784,4.52,5.758,4.707
2024-11-19,131.467,2.192,4.212,43.35,110.794,4.532,5.858,4.727
2024-11-20,131.532,2.196,4.224,43.67,110.803,4.58,5.857,4.737
2024-11-21,131.683,2.194,4.214,46.57,110.808,4.544,5.933,4.742
2024-11-22,131.762,2.136,4.256,44.15,110.807,4.588,6.01,4.622
2024-11-25,131.926,2.142,4.354,44.15,110.814,4.624,5.916,4.6
2024-11-26,132.1,2.146,4.362,43.67,110.82,4.624,5.844,4.592
2024-11-27,131.975,2.17,4.36,43.19,110.826,4.632,5.899,4.656
2024-11-28,132.164,2.166,4.356,46.09,110.853,4.62,5.869,4.627
2024-11-29,132.309,2.17,4.364,48.5,110.866,4.616,5.923,4.67
2024-12-02,132.605,2.172,4.398,49.47,110.889,4.64,5.872,4.7
2024-12-03,132.716,2.198,4.434,48.34,110.92,4.72,5.931,4.704
2024-12-04,133.003,2.202,4.434,46.73,110.938,4.744,5.929,4.683
2024-12-05,133.131,2.202,4.466,49.95,110.939,4.78,5.927,4.676
2024-12-06,132.972,2.23,4.456,52.69,110.956,4.76,5.903,4.726
2024-12-09,133.138,2.238,4.454,50.76,110.955,4.832,5.936,4.723
2024-12-10,133.907,2.238,4.414,49.63,110.95,4.788,5.961,4.754
2024-12-11,134.128,2.244,4.454,51.24,110.964,4.788,6.011,4.744
2024-12-12,134.403,2.246,4.464,52.2,110.975,4.884,6.052,4.786
2024-12-13,134.877,2.208,4.488,50.59,111.003,4.912,6.001,4.689
2024-12-16,135.395,2.244,4.548,49.31,111.011,4.976,5.947,4.665
2024-12-17,135.107,2.228,4.508,46.73,111.016,5.036,5.94,4.676
2024-12-18,134.821,2.244,4.458,46.89,111.01,5.064,5.932,4.693
2024-12-19,134.687,2.216,4.314,46.89,111.035,4.936,5.885,4.699
2024-12-20,135.32,2.202,4.288,47.53,111.048,4.828,5.892,4.687
2024-12-23,135.499,2.212,4.388,43.67,111.048,5.004,5.951,4.691
2024-12-24,135.223,2.23,4.372,45.12,111.046,5.0,5.921,4.738
2024-12-25,135.073,2.244,4.394,44.48,111.058,5.044,5.936,4.741
2024-12-26,135.031,2.238,4.4,45.6,111.077,5.052,5.94,4.742
2024-12-27,135.506,2.246,4.382,42.7,111.088,5.02,5.945,4.736
2024-12-30,135.303,2.262,4.33,41.09,111.098,4.956,5.923,4.755
2024-12-31,135.554,2.248,4.324,39.64,111.137,4.924,5.928,4.691
2025-01-02,136.248,2.202,4.366,39.48,111.132,4.984,5.977,4.578
2025-01-03,136.569,2.172,4.34,36.26,111.153,4.96,6.029,4.538
2025-01-06,136.654,2.174,4.422,35.14,111.167,5.096,5.99,4.522
2025-01-07,136.477,2.182,4.386,37.07,111.175,5.056,6.0,4.549
2025-01-08,136.463,2.19,4.38,37.23,111.172,5.028,6.03,4.543
2025-01-09,136.28,2.168,4.372,37.55,111.171,5.008,6.065,4.535
2025-01-10,136.129,2.14,4.346,35.3,111.161,4.988,6.105,4.492
2025-01-13,136.057,2.116,4.278,35.78,111.142,4.864,6.12,4.477
2025-01-14,136.196,2.148,4.324,37.71,111.12,4.932,6.068,4.575
2025-01-15,136.443,2.156,4.316,37.07,111.139,4.892,6.102,4.552
2025-01-16,136.274,2.174,4.386,38.03,111.084,4.996,6.122,4.554
2025-01-17,136.186,2.168,4.382,37.55,111.042,4.976,6.139,4.567
2025-01-20,136.044,2.17,4.402,37.71,111.075,5.048,6.127,4.586
2025-01-21,136.159,2.152,4.4,36.75,111.117,5.056,6.127,4.591
2025-01-22,136.219,2.122,4.436,35.94,111.113,5.08,6.181,4.555
2025-01-23,136.151,2.156,4.41,36.1,111.111,5.028,6.187,4.566
2025-01-24,136.005,2.164,4.428,35.94,111.1,5.036,6.218,4.598
2025-01-27,136.514,2.194,4.392,36.1,111.165,4.916,6.202,4.576
2025-02-05,136.578,2.154,4.384,37.87,111.204,4.924,6.439,4.556
2025-02-06,136.659,2.156,4.396,38.68,111.212,4.972,6.402,4.601
2025-02-07,136.605,2.158,4.384,40.13,111.241,4.948,6.42,4.657
2025-02-10,136.474,2.158,4.374,41.09,111.247,4.892,6.518,4.661
2025-02-11,136.512,2.178,4.366,41.09,111.262,4.888,6.584,4.645
2025-02-12,136.51,2.182,4.35,41.42,111.259,4.876,6.538,4.683
2025-02-13,136.476,2.188,4.344,41.09,111.256,4.888,6.57,4.673
2025-02-14,136.262,2.188,4.346,40.29,111.264,4.924,6.605,4.703
2025-02-17,135.889,2.186,4.34,41.58,111.252,4.924,6.494,4.71
2025-02-18,135.761,2.19,4.37,39.81,111.228,4.956,6.555,4.681
2025-02-19,135.899,2.188,4.352,39.97,111.23,4.932,6.598,4.702
2025-02-20,135.764,2.18,4.348,40.13,111.208,4.888,6.619,4.69
2025-02-21,135.487,2.164,4.308,39.64,111.213,4.856,6.568,4.744
2025-02-24,134.89,2.158,4.25,40.29,111.214,4.78,6.581,4.731
2025-02-25,134.997,2.142,4.188,40.13,111.219,4.704,6.582,4.69
2025-02-26,135.346,2.158,4.182,40.45,111.217,4.692,6.519,4.723
2025-02-27,135.108,2.178,4.168,40.29,111.199,4.72,6.492,4.736
2025-02-28,135.315,2.168,4.064,38.36,111.237,4.536,6.444,4.663
2025-03-03,135.492,2.166,4.14,39.48,111.244,4.636,6.451,4.65
2025-03-04,135.445,2.168,4.062,40.29,111.263,4.548,6.499,4.646
2025-03-05,135.468,2.182,4.048,39.48,111.292,4.588,6.547,4.663
2025-03-06,135.129,2.174,4.05,39.97,111.276,4.592,6.535,4.718
2025-03-07,134.75,2.17,4.002,45.44,111.283,4.5,6.526,4.708
2025-03-10,134.455,2.158,3.998,44.31,111.286,4.48,6.544,4.692
2025-03-11,133.937,2.168,3.898,43.35,111.291,4.296,6.505,4.704
2025-03-12,134.446,2.172,3.876,43.83,111.295,4.32,6.526,4.694
2025-03-13,134.308,2.182,3.864,42.86,111.31,4.292,6.575,4.674
2025-03-14,134.101,2.2,3.86,42.7,111.329,4.328,6.673,4.775
2025-03-17,133.699,2.208,3.858,43.83,111.321,4.344,6.677,4.763
2025-03-18,133.682,2.204,3.896,43.51,111.348,4.372,6.727,4.772
2025-03-19,133.797,2.216,3.866,42.7,111.367,4.34,6.8,4.778
2025-03-20,134.351,2.21,3.962,42.7,111.394,4.44,6.807,4.745
2025-03-21,134.349,2.206,3.946,41.58,111.453,4.424,6.774,4.679
2025-03-24,134.202,2.216,3.998,39.64,111.424,4.524,6.78,4.696
2025-03-25,134.522,2.23,4.034,39.16,111.44,4.58,6.774,4.698
2025-03-26,134.632,2.224,4.022,39.48,111.44,4.564,6.795,4.682
2025-03-27,134.686,2.23,3.966,39.97,111.447,4.472,6.812,4.696
2025-03-28,134.507,2.224,3.926,37.87,111.459,4.444,6.938,4.677
2025-03-31,134.489,2.224,3.814,37.71,111.467,4.26,7.012,4.653
2025-04-01,134.509,2.23,3.874,37.87,111.48,4.336,7.056,4.651
2025-04-02,134.702,2.242,3.874,37.39,111.497,4.36,7.029,4.648
2025-04-03,135.518,2.25,3.794,37.71,111.535,4.26,7.094,4.628
2025-04-07,136.398,2.128,3.414,32.56,111.551,3.836,6.877,4.364
2025-04-08,135.993,2.176,3.552,30.79,111.555,3.976,6.925,4.399
2025-04-09,136.092,2.17,3.444,31.27,111.562,3.956,7.012,4.435
2025-04-10,136.107,2.18,3.772,32.88,111.567,4.32,7.164,4.498
2025-04-11,136.084,2.174,3.682,33.52,111.585,4.272,7.273,4.509
2025-04-14,136.084,2.19,3.744,34.81,111.594,4.328,7.327,4.517
2025-04-15,136.177,2.212,3.73,34.97,111.603,4.268,7.325,4.52
2025-04-16,136.359,2.232,3.684,33.85,111.602,4.172,7.503,4.529
2025-04-17,136.325,2.234,3.67,35.3,111.596,4.216,7.565,4.532
2025-04-18,136.248,2.24,3.658,34.65,111.613,4.18,7.583,4.542
2025-04-21,136.107,2.228,3.612,35.14,111.619,4.156,7.724,4.544
2025-04-22,136.239,2.242,3.606,35.78,111.625,4.152,7.982,4.547
2025-04-23,136.1,2.232,3.71,35.3,111.628,4.292,7.5,4.551
2025-04-24,136.018,2.252,3.692,34.65,111.639,4.236,7.582,4.551
2025-04-25,136.096,2.25,3.79,34.49,111.648,4.36,7.53,4.551
2025-04-28,136.186,2.26,3.802,33.69,111.647,4.376,7.465,4.545
2025-04-29,136.502,2.254,3.794,33.69,111.667,4.372,7.517,4.538
2025-04-30,136.546,2.218,3.8,34.65,111.706,4.376,7.471,4.535
2025-05-06,136.5,2.218,3.836,36.58,111.7,4.404,7.612,4.572
2025-05-07,136.386,2.236,3.844,36.75,111.706,4.416,7.671,4.596
2025-05-08,136.494,2.248,3.88,37.55,111.724,4.476,7.557,4.619
2025-05-09,136.592,2.264,3.884,37.23,111.744,4.472,7.531,4.614
2025-05-12,136.454,2.266,3.926,37.87,111.756,4.556,7.376,4.659
2025-05-13,136.284,2.288,3.954,37.23,111.761,4.596,7.332,4.663
2025-05-14,136.175,2.304,4.026,36.91,111.78,4.724,7.277,4.714
2025-05-15,136.149,2.296,3.998,36.75,111.785,4.696,7.062,4.68
2025-05-16,136.048,2.28,4.024,37.23,111.786,4.704,7.177,4.658
2025-05-19,136.124,2.284,4.012,39.48,111.798,4.66,7.222,4.652
2025-05-20,136.205,2.294,4.05,40.77,111.801,4.708,7.209,4.672
2025-05-21,136.249,2.31,4.02,39.81,111.812,4.656,7.439,4.688
2025-05-22,136.21,2.318,3.978,38.84,111.806,4.624,7.45,4.686
2025-05-23,136.203,2.3,3.972,37.71,111.818,4.608,7.454,4.657
2025-05-26,136.228,2.294,3.982,37.87,111.808,4.624,7.425,4.636
2025-05-27,136.186,2.298,3.994,38.03,111.814,4.66,7.366,4.615
2025-05-28,136.145,2.308,4.024,37.55,111.822,4.712,7.375,4.611
2025-05-29,136.008,2.304,4.064,38.36,111.828,4.784,7.3,4.635
2025-05-30,136.124,2.318,4.008,37.87,111.847,4.688,7.369,4.628
2025-06-03,136.146,2.338,4.02,38.84,111.857,4.704,7.478,4.626
2025-06-04,136.197,2.348,4.058,38.84,111.861,4.74,7.474,4.643
2025-06-05,136.23,2.33,4.05,39.97,111.862,4.724,7.483,4.653
2025-06-06,136.339,2.336,4.048,39.81,111.872,4.708,7.481,4.655
2025-06-09,136.497,2.338,4.07,39.97,111.878,4.724,7.4,4.664
2025-06-10,136.551,2.338,4.072,38.84,111.882,4.728,7.405,4.641
2025-06-11,136.662,2.346,4.092,39.16,111.888,4.744,7.428,4.673
2025-06-12,136.653,2.352,4.08,38.84,111.89,4.728,7.497,4.675
2025-06-13,136.647,2.338,4.046,37.87,111.905,4.676,7.588,4.649
2025-06-16,136.68,2.35,4.076,37.87,111.905,4.716,7.563,4.659
2025-06-17,136.811,2.344,4.076,37.55,111.91,4.736,7.499,4.658
2025-06-18,136.803,2.358,4.07,37.55,111.922,4.72,7.503,4.661
2025-06-19,136.829,2.354,4.05,36.75,111.937,4.692,7.465,4.63
2025-06-20,136.863,2.364,4.054,36.1,111.945,4.7,7.436,4.635
2025-06-23,136.832,2.38,4.05,36.75,111.945,4.684,7.464,4.648
2025-06-24,136.773,2.382,4.122,38.84,111.945,4.8,7.372,4.693
2025-06-25,136.65,2.402,4.13,39.0,111.938,4.808,7.392,4.758
2025-06-26,136.651,2.412,4.142,38.84,111.939,4.82,7.405,4.743
2025-06-27,136.784,2.376,4.182,39.16,111.949,4.872,7.326,4.72
2025-06-30,136.636,2.372,4.204,39.64,111.969,4.904,7.314,4.739
2025-07-01,136.728,2.394,4.192,40.61,111.988,4.88,7.397,4.745
2025-07-02,136.88,2.4,4.22,40.45,112.005,4.88,7.394,4.749
2025-07-03,136.904,2.402,4.228,41.42,112.013,4.892,7.445,4.772
2025-07-04,136.923,2.422,4.25,41.09,112.032,4.92,7.407,4.789
2025-07-07,136.938,2.436,4.242,41.58,112.027,4.916,7.355,4.771
2025-07-08,136.867,2.43,4.242,41.74,112.042,4.92,7.398,4.805
2025-07-09,136.832,2.446,4.226,42.06,112.056,4.896,7.314,4.802
2025-07-10,136.66,2.46,4.242,42.22,112.061,4.924,7.371,4.822
2025-07-11,136.608,2.438,4.248,42.06,112.059,4.912,7.376,4.836
2025-07-14,136.505,2.454,4.214,42.22,112.054,4.88,7.44,4.835
2025-07-15,136.737,2.432,4.262,41.09,112.071,4.956,7.436,4.835
2025-07-16,136.748,2.42,4.23,41.09,112.08,4.924,7.402,4.826
2025-07-17,136.747,2.416,4.262,41.25,112.088,4.964,7.397,4.859
2025-07-18,136.666,2.426,4.286,41.58,112.094,4.996,7.403,4.889
2025-07-21,136.54,2.426,4.28,42.7,112.088,4.992,7.446,4.914
2025-07-22,136.409,2.428,4.272,42.22,112.087,4.996,7.474,4.958
2025-07-23,136.344,2.434,4.288,41.58,112.089,4.988,7.548,4.956
2025-07-24,135.999,2.416,4.306,42.22,112.083,4.992,7.424,4.982
2025-07-25,135.824,2.398,4.328,42.38,112.09,5.0,7.409,4.96
2025-07-28,136.173,2.394,4.37,42.7,112.095,5.052,7.388,4.971
2025-07-29,135.857,2.378,4.368,42.06,112.094,5.052,7.363,4.992
2025-07-30,136.083,2.388,4.36,41.42,112.101,5.036,7.377,4.989
2025-07-31,136.346,2.36,4.404,40.61,112.126,5.116,7.35,4.912
2025-08-01,136.342,2.362,4.344,40.93,112.145,5.02,7.352,4.89
2025-08-04,136.345,2.374,4.296,40.93,112.152,4.948,7.446,4.909
2025-08-05,136.361,2.4,4.374,41.74,112.154,5.04,7.455,4.94
2025-08-06,136.439,2.402,4.348,42.22,112.163,5.012,7.468,4.951
2025-08-07,136.478,2.412,4.348,42.22,112.179,5.052,7.484,4.95
2025-08-08,136.531,2.414,4.348,42.54,112.186,5.068,7.508,4.94
2025-08-11,136.262,2.4,4.384,43.03,112.176,5.132,7.429,4.959
2025-08-12,136.154,2.404,4.374,42.86,112.178,5.116,7.399,4.985
2025-08-13,136.22,2.396,4.408,42.22,112.19,5.172,7.415,5.02
2025-08-14,136.072,2.398,4.406,40.45,112.201,5.16,7.424,5.013
2025-08-15,136.046,2.39,4.434,40.29,112.212,5.176,7.401,5.052
2025-08-18,135.563,2.394,4.406,41.25,112.183,5.132,7.413,5.084
2025-08-19,135.621,2.392,4.394,41.74,112.167,5.12,7.391,5.062
2025-08-20,135.489,2.414,4.37,43.19,112.193,5.056,7.374,5.121
2025-08-21,135.52,2.428,4.366,43.35,112.221,5.072,7.394,5.135
2025-08-22,135.469,2.418,4.34,43.83,112.219,5.024,7.378,5.236
2025-08-25,135.684,2.438,4.4,42.7,112.231,5.104,7.427,5.322
2025-08-26,135.775,2.432,4.382,43.35,112.248,5.072,7.449,5.298
2025-08-27,135.865,2.394,4.412,41.58,112.259,5.124,7.45,5.232
2025-08-28,135.568,2.394,4.388,41.58,112.258,5.084,7.468,5.316
2025-08-29,135.612,2.388,4.39,39.81,112.27,5.084,7.486,5.358
2025-09-01,135.719,2.382,4.37,39.32,112.284,5.028,7.647,5.373
2025-09-02,135.726,2.4,4.374,39.81,112.286,5.032,7.67,5.347
2025-09-03,135.84,2.374,4.354,37.71,112.29,5.024,7.768,5.306
2025-09-04,136.12,2.38,4.378,36.42,112.292,5.052,7.75,5.213
2025-09-05,135.731,2.37,4.408,37.55,112.286,5.112,7.775,5.311
2025-09-08,135.597,2.37,4.39,37.55,112.284,5.088,7.847,5.312
2025-09-09,135.531,2.382,4.396,36.91,112.284,5.108,7.966,5.285
2025-09-10,135.229,2.376,4.414,37.23,112.287,5.132,7.947,5.295
2025-09-11,135.301,2.384,4.42,37.87,112.303,5.128,7.923,5.417
2025-09-12,135.525,2.368,4.444,38.03,112.313,5.144,7.954,5.378
2025-09-15,135.623,2.348,4.458,37.87,112.313,5.172,7.931,5.386
2025-09-16,135.687,2.34,4.476,39.64,112.311,5.212,8.032,5.377
2025-09-17,135.866,2.35,4.46,38.84,112.329,5.192,7.964,5.41
2025-09-18,135.838,2.306,4.482,37.71,112.344,5.228,7.862,5.351
2025-09-19,135.651,2.318,4.504,36.91,112.347,5.24,7.898,5.361
2025-09-22,135.66,2.3,4.538,42.06,112.346,5.292,8.048,5.376
2025-09-23,135.485,2.314,4.576,40.61,112.346,5.368,8.143,5.379
2025-09-24,135.268,2.314,4.56,40.93,112.34,5.316,8.19,5.42
2025-09-25,135.226,2.298,4.54,39.64,112.331,5.296,8.146,5.452
2025-09-26,135.419,2.298,4.53,38.68,112.361,5.28,8.16,5.408
2025-09-29,135.354,2.294,4.562,39.16,112.37,5.36,8.259,5.485
2025-09-30,135.614,2.278,4.568,38.19,112.426,5.356,8.339,5.498
