date,513100,518880,510300,511260,159915
2017-08-24,2.045,2.751,4.015,99.487,1.705
2017-08-25,2.05,2.749,4.081,99.809,1.723
2017-08-28,2.039,2.762,4.125,99.979,1.755
2017-08-29,2.03,2.792,4.117,99.773,1.743
2017-08-30,2.038,2.76,4.113,99.877,1.756
2017-08-31,2.056,2.756,4.106,99.998,1.765
2017-09-01,2.069,2.775,4.111,99.866,1.776
2017-09-04,2.056,2.796,4.125,99.878,1.796
2017-09-05,2.055,2.792,4.139,99.87,1.796
2017-09-06,2.041,2.795,4.127,99.871,1.813
2017-09-07,2.036,2.786,4.11,99.822,1.8
2017-09-08,2.039,2.794,4.106,99.961,1.791
2017-09-11,2.036,2.781,4.112,99.998,1.807
2017-09-12,2.048,2.769,4.122,99.962,1.793
2017-09-13,2.048,2.773,4.125,99.995,1.797
2017-09-14,2.059,2.768,4.112,100.009,1.787
2017-09-15,2.05,2.78,4.118,100.195,1.782
2017-09-18,2.058,2.758,4.133,100.276,1.808
2017-09-19,2.058,2.759,4.108,100.121,1.79
2017-09-20,2.06,2.762,4.126,100.225,1.801
2017-09-21,2.058,2.733,4.127,100.28,1.78
2017-09-22,2.051,2.738,4.116,100.454,1.773
2017-09-25,2.048,2.734,4.1,100.546,1.75
2017-09-26,2.033,2.772,4.102,100.34,1.746
2017-09-27,2.044,2.748,4.105,100.315,1.757
2017-09-28,2.062,2.732,4.111,100.428,1.761
2017-09-29,2.07,2.742,4.124,100.01,1.78
2017-10-09,2.093,2.729,4.165,100.136,1.8
2017-10-10,2.092,2.73,4.17,100.2,1.828
2017-10-11,2.101,2.724,4.185,99.994,1.814
2017-10-12,2.104,2.734,4.202,99.99,1.811
2017-10-13,2.102,2.734,4.21,99.914,1.84
2017-10-16,2.112,2.748,4.196,99.901,1.796
2017-10-17,2.122,2.735,4.194,99.601,1.786
2017-10-18,2.119,2.729,4.218,99.65,1.778
2017-10-19,2.123,2.724,4.207,99.836,1.775
2017-10-20,2.123,2.723,4.205,99.741,1.794
2017-10-23,2.128,2.713,4.217,99.7,1.806
2017-10-24,2.119,2.723,4.243,99.668,1.812
2017-10-25,2.123,2.712,4.256,99.66,1.818
2017-10-26,2.113,2.723,4.285,99.608,1.823
2017-10-27,2.125,2.706,4.305,99.6,1.801
2017-10-30,2.168,2.711,4.287,99.4,1.764
2017-10-31,2.172,2.718,4.284,99.386,1.773
2017-11-01,2.183,2.711,4.27,99.4,1.769
2017-11-02,2.176,2.712,4.277,99.3,1.745
2017-11-03,2.179,2.713,4.266,99.2,1.732
2017-11-06,2.186,2.707,4.302,99.214,1.754
2017-11-07,2.191,2.719,4.342,99.215,1.76
2017-11-08,2.195,2.72,4.333,99.2,1.765
2017-11-09,2.202,2.729,4.364,99.098,1.779
2017-11-10,2.196,2.735,4.401,98.676,1.8
2017-11-13,2.197,2.724,4.41,98.7,1.799
2017-11-14,2.2,2.719,4.378,98.98,1.788
2017-11-15,2.185,2.724,4.348,98.288,1.758
2017-11-16,2.177,2.719,4.387,98.0,1.765
2017-11-17,2.203,2.728,4.392,98.183,1.723
2017-11-20,2.194,2.742,4.425,98.213,1.755
2017-11-21,2.198,2.726,4.508,98.231,1.75
2017-11-22,2.215,2.726,4.507,98.048,1.744
2017-11-23,2.208,2.728,4.371,98.88,1.692
2017-11-24,2.208,2.732,4.375,98.2,1.678
2017-11-27,2.219,2.731,4.308,98.697,1.66
2017-11-28,2.224,2.736,4.327,98.1,1.682
2017-11-29,2.246,2.738,4.323,97.454,1.674
2017-11-30,2.214,2.72,4.276,97.822,1.663
2017-12-01,2.241,2.702,4.279,97.996,1.687
2017-12-04,2.262,2.7,4.296,97.993,1.676
2017-12-05,2.2,2.702,4.321,97.994,1.644
2017-12-06,2.175,2.686,4.29,97.85,1.663
2017-12-07,2.19,2.668,4.244,98.002,1.656
2017-12-08,2.21,2.651,4.283,97.802,1.675
2017-12-11,2.22,2.653,4.35,97.805,1.698
2017-12-12,2.235,2.649,4.285,97.9,1.675
2017-12-13,2.237,2.65,4.314,97.949,1.691
2017-12-14,2.243,2.674,4.301,97.903,1.68
2017-12-15,2.232,2.673,4.247,97.801,1.673
2017-12-18,2.266,2.674,4.248,97.9,1.667
2017-12-19,2.28,2.686,4.301,97.85,1.683
2017-12-20,2.276,2.68,4.292,98.15,1.661
2017-12-21,2.262,2.676,4.342,98.148,1.668
2017-12-22,2.269,2.678,4.323,98.155,1.663
2017-12-25,2.262,2.693,4.304,98.16,1.642
2017-12-26,2.261,2.677,4.316,98.25,1.644
2017-12-27,2.234,2.691,4.248,98.113,1.63
2017-12-28,2.227,2.692,4.285,97.05,1.637
2017-12-29,2.229,2.708,4.298,98.116,1.644
2018-01-02,2.218,2.723,4.358,98.2,1.665
2018-01-03,2.248,2.733,4.38,98.16,1.689
2018-01-04,2.256,2.719,4.393,98.161,1.693
2018-01-05,2.25,2.728,4.409,98.078,1.696
2018-01-08,2.268,2.73,4.426,97.986,1.701
2018-01-09,2.274,2.736,4.46,98.124,1.699
2018-01-10,2.285,2.729,4.478,98.004,1.689
2018-01-11,2.283,2.734,4.472,97.742,1.701
2018-01-12,2.312,2.774,4.495,97.755,1.685
2018-01-15,2.309,2.783,4.487,97.8,1.634
2018-01-16,2.306,2.781,4.53,97.859,1.631
2018-01-17,2.293,2.774,4.517,97.634,1.639
2018-01-18,2.313,2.759,4.545,97.702,1.636
2018-01-19,2.31,2.751,4.557,97.997,1.63
2018-01-22,2.3,2.754,4.612,98.456,1.67
2018-01-23,2.326,2.762,4.656,98.25,1.667
2018-01-24,2.344,2.774,4.659,98.25,1.714
2018-01-25,2.324,2.784,4.631,97.816,1.708
2018-01-26,2.32,2.767,4.653,98.027,1.72
2018-01-29,2.344,2.754,4.57,98.01,1.701
2018-01-30,2.32,2.731,4.526,97.861,1.687
2018-01-31,2.309,2.735,4.539,98.053,1.633
2018-02-01,2.305,2.729,4.509,97.966,1.603
2018-02-02,2.294,2.731,4.535,98.168,1.607
2018-02-05,2.227,2.705,4.531,98.17,1.594
2018-02-06,2.095,2.726,4.411,98.001,1.505
2018-02-07,2.164,2.689,4.313,98.201,1.523
2018-02-08,2.169,2.68,4.28,98.342,1.548
2018-02-09,2.092,2.692,4.095,98.4,1.502
2018-02-12,2.131,2.694,4.15,98.251,1.553
2018-02-13,2.164,2.708,4.197,98.282,1.557
2018-02-14,2.193,2.73,4.232,98.891,1.549
2018-02-22,2.232,2.704,4.314,98.6,1.58
2018-02-23,2.249,2.712,4.336,98.6,1.572
2018-02-26,2.292,2.727,4.388,99.345,1.63
2018-02-27,2.32,2.712,4.329,99.5,1.639
2018-02-28,2.286,2.692,4.288,99.467,1.651
2018-03-01,2.288,2.689,4.317,99.392,1.687
2018-03-02,2.253,2.7,4.29,99.292,1.669
2018-03-05,2.268,2.71,4.281,99.201,1.69
2018-03-06,2.298,2.709,4.341,99.255,1.693
2018-03-07,2.284,2.719,4.308,99.2,1.679
2018-03-08,2.302,2.714,4.349,99.072,1.686
2018-03-09,2.319,2.7,4.379,99.08,1.755
2018-03-12,2.368,2.699,4.391,99.092,1.777
2018-03-13,2.368,2.698,4.347,99.05,1.767
2018-03-14,2.338,2.702,4.333,98.978,1.741
2018-03-15,2.337,2.699,4.363,99.019,1.742
2018-03-16,2.338,2.688,4.318,99.03,1.716
2018-03-19,2.333,2.678,4.34,99.17,1.736
2018-03-20,2.293,2.689,4.338,99.2,1.76
2018-03-21,2.294,2.69,4.317,99.184,1.72
2018-03-22,2.288,2.713,4.281,99.39,1.711
2018-03-23,2.204,2.741,4.162,99.99,1.622
2018-03-26,2.187,2.738,4.144,99.7,1.673
2018-03-27,2.27,2.736,4.179,99.56,1.738
2018-03-28,2.185,2.721,4.1,99.668,1.73
2018-03-29,2.186,2.688,4.17,99.331,1.739
2018-03-30,2.194,2.692,4.164,99.565,1.791
2018-04-02,2.177,2.696,4.151,99.769,1.788
2018-04-03,2.126,2.716,4.126,99.78,1.764
2018-04-04,2.13,2.712,4.116,99.879,1.732
2018-04-09,2.143,2.707,4.121,100.226,1.737
2018-04-10,2.186,2.71,4.196,100.151,1.732
2018-04-11,2.185,2.726,4.201,100.251,1.729
2018-04-12,2.181,2.735,4.16,100.296,1.72
2018-04-13,2.203,2.714,4.133,100.29,1.721
2018-04-16,2.189,2.725,4.072,100.4,1.736
2018-04-17,2.208,2.729,4.016,100.699,1.683
2018-04-18,2.247,2.727,4.024,101.001,1.718
2018-04-19,2.249,2.734,4.077,101.6,1.715
2018-04-20,2.236,2.722,4.018,101.621,1.684
2018-04-23,2.202,2.708,4.034,101.6,1.653
2018-04-24,2.215,2.7,4.113,101.7,1.705
2018-04-25,2.171,2.699,4.09,101.6,1.715
2018-04-26,2.171,2.702,4.014,101.6,1.681
2018-04-27,2.233,2.692,4.022,101.6,1.707
2018-05-02,2.231,2.684,4.034,101.091,1.701
2018-05-03,2.221,2.684,4.056,101.11,1.726
2018-05-04,2.228,2.687,4.038,101.186,1.712
2018-05-07,2.27,2.694,4.099,101.203,1.749
2018-05-08,2.274,2.692,4.149,101.011,1.753
2018-05-09,2.272,2.689,4.138,100.77,1.749
2018-05-10,2.304,2.69,4.164,100.6,1.762
2018-05-11,2.317,2.693,4.141,100.7,1.734
2018-05-14,2.315,2.694,4.175,100.206,1.728
2018-05-15,2.311,2.68,4.19,100.401,1.756
2018-05-16,2.289,2.654,4.158,100.5,1.745
2018-05-17,2.309,2.642,4.125,100.6,1.729
2018-05-18,2.308,2.644,4.167,100.6,1.731
2018-05-21,2.324,2.639,4.186,100.7,1.757
2018-05-22,2.316,2.646,4.17,100.9,1.77
2018-05-23,2.298,2.649,4.119,100.9,1.745
2018-05-24,2.323,2.665,4.088,101.143,1.737
2018-05-25,2.327,2.678,4.079,101.081,1.705
2018-05-28,2.337,2.667,4.103,101.559,1.698
2018-05-29,2.335,2.676,4.067,101.634,1.678
2018-05-30,2.319,2.683,3.995,101.8,1.633
2018-05-31,2.35,2.686,4.071,101.791,1.649
2018-06-01,2.341,2.68,4.045,101.704,1.62
2018-06-04,2.384,2.665,4.082,101.642,1.613
2018-06-05,2.414,2.662,4.114,101.424,1.653
2018-06-06,2.42,2.666,4.107,101.466,1.65
2018-06-07,2.439,2.664,4.106,101.267,1.636
2018-06-08,2.405,2.664,4.055,101.109,1.62
2018-06-11,2.431,2.671,4.065,101.362,1.601
2018-06-12,2.438,2.669,4.103,101.344,1.619
2018-06-13,2.451,2.667,4.064,101.101,1.597
2018-06-14,2.436,2.677,4.054,101.161,1.587
2018-06-15,2.472,2.682,4.048,101.261,1.554
2018-06-19,2.442,2.659,3.918,101.103,1.467
2018-06-20,2.458,2.651,3.918,101.3,1.478
2018-06-21,2.505,2.641,3.888,101.6,1.441
2018-06-22,2.488,2.653,3.904,101.788,1.466
2018-06-25,2.471,2.658,3.853,102.0,1.455
2018-06-26,2.431,2.657,3.818,101.9,1.485
2018-06-27,2.413,2.663,3.734,101.601,1.466
2018-06-28,2.396,2.655,3.714,101.9,1.462
2018-06-29,2.449,2.661,3.805,102.2,1.524
2018-07-02,2.437,2.667,3.711,102.396,1.503
2018-07-03,2.503,2.665,3.698,102.796,1.52
2018-07-04,2.459,2.673,3.662,102.5,1.486
2018-07-05,2.46,2.675,3.634,102.5,1.452
2018-07-06,2.497,2.68,3.663,102.5,1.464
2018-07-09,2.574,2.677,3.762,102.3,1.504
2018-07-10,2.604,2.668,3.771,102.374,1.516
2018-07-11,2.554,2.676,3.713,102.157,1.488
2018-07-12,2.578,2.668,3.796,102.4,1.54
2018-07-13,2.603,2.665,3.802,102.401,1.542
2018-07-16,2.584,2.669,3.787,102.74,1.542
2018-07-17,2.559,2.664,3.765,102.88,1.543
2018-07-18,2.595,2.639,3.749,102.728,1.532
2018-07-19,2.607,2.65,3.751,102.999,1.514
2018-07-20,2.61,2.655,3.818,103.1,1.535
2018-07-23,2.602,2.668,3.841,102.8,1.54
2018-07-24,2.641,2.666,3.907,102.614,1.549
2018-07-25,2.65,2.668,3.906,102.5,1.551
2018-07-26,2.656,2.672,3.859,102.589,1.534
2018-07-27,2.658,2.669,3.85,102.649,1.518
2018-07-30,2.646,2.671,3.83,102.6,1.484
2018-07-31,2.584,2.673,3.843,102.699,1.489
2018-08-01,2.617,2.672,3.763,102.698,1.471
2018-08-02,2.623,2.664,3.685,103.2,1.44
2018-08-03,2.702,2.663,3.637,103.3,1.414
2018-08-06,2.768,2.663,3.602,103.689,1.374
2018-08-07,2.754,2.662,3.695,103.26,1.412
2018-08-08,2.71,2.658,3.645,102.839,1.381
2018-08-09,2.673,2.658,3.726,102.851,1.426
2018-08-10,2.667,2.656,3.732,102.905,1.437
2018-08-13,2.66,2.664,3.717,102.341,1.458
2018-08-14,2.679,2.641,3.702,102.541,1.446
2018-08-15,2.71,2.637,3.62,102.885,1.409
2018-08-16,2.662,2.604,3.606,102.605,1.396
2018-08-17,2.668,2.598,3.555,102.605,1.369
2018-08-20,2.655,2.615,3.59,101.751,1.367
2018-08-21,2.638,2.627,3.647,101.951,1.387
2018-08-22,2.636,2.626,3.641,101.74,1.375
2018-08-23,2.665,2.627,3.651,102.2,1.388
2018-08-24,2.666,2.628,3.656,102.005,1.382
2018-08-27,2.678,2.641,3.741,102.227,1.426
2018-08-28,2.705,2.65,3.731,102.218,1.423
2018-08-29,2.708,2.638,3.718,102.333,1.411
2018-08-30,2.748,2.641,3.684,102.496,1.389
2018-08-31,2.74,2.646,3.658,102.577,1.369
2018-09-03,2.742,2.635,3.651,102.39,1.375
2018-09-04,2.754,2.626,3.691,102.381,1.385
2018-09-05,2.728,2.624,3.621,102.3,1.363
2018-09-06,2.684,2.633,3.592,102.188,1.355
2018-09-07,2.662,2.642,3.614,102.157,1.36
2018-09-10,2.68,2.633,3.566,102.11,1.327
2018-09-11,2.693,2.64,3.554,101.887,1.332
2018-09-12,2.722,2.639,3.531,101.771,1.32
2018-09-13,2.695,2.65,3.566,101.751,1.326
2018-09-14,2.722,2.656,3.571,101.98,1.304
2018-09-17,2.709,2.642,3.54,102.101,1.288
2018-09-18,2.673,2.646,3.603,102.184,1.312
2018-09-19,2.696,2.648,3.648,102.168,1.324
2018-09-20,2.691,2.651,3.646,101.97,1.32
2018-09-21,2.72,2.657,3.752,101.819,1.343
2018-09-25,2.709,2.649,3.717,101.99,1.338
2018-09-26,2.726,2.653,3.755,102.03,1.352
2018-09-27,2.721,2.642,3.74,102.14,1.333
2018-09-28,2.754,2.623,3.776,102.373,1.346
2018-10-08,2.677,2.656,3.609,102.407,1.289
2018-10-09,2.675,2.652,3.616,102.532,1.283
2018-10-10,2.685,2.652,3.614,102.47,1.282
2018-10-11,2.51,2.665,3.442,102.639,1.196
2018-10-12,2.564,2.702,3.501,102.814,1.206
2018-10-15,2.555,2.728,3.454,102.806,1.19
2018-10-16,2.559,2.727,3.433,102.84,1.16
2018-10-17,2.647,2.719,3.444,102.916,1.174
2018-10-18,2.619,2.722,3.374,102.893,1.153
2018-10-19,2.599,2.734,3.453,103.068,1.189
2018-10-22,2.587,2.73,3.621,102.95,1.26
2018-10-23,2.544,2.744,3.508,102.897,1.231
2018-10-24,2.56,2.745,3.513,102.99,1.226
2018-10-25,2.477,2.759,3.529,103.169,1.216
2018-10-26,2.49,2.757,3.496,103.183,1.203
2018-10-29,2.483,2.753,3.399,103.195,1.192
2018-10-30,2.449,2.747,3.436,103.431,1.204
2018-10-31,2.486,2.724,3.473,103.402,1.216
2018-11-01,2.514,2.73,3.496,103.471,1.227
2018-11-02,2.547,2.731,3.631,103.42,1.291
2018-11-05,2.505,2.732,3.588,103.293,1.287
2018-11-06,2.499,2.734,3.567,103.461,1.286
2018-11-07,2.528,2.735,3.54,103.583,1.282
2018-11-08,2.588,2.724,3.537,103.9,1.265
2018-11-09,2.575,2.718,3.496,103.83,1.26
2018-11-12,2.568,2.698,3.532,103.871,1.305
2018-11-13,2.491,2.689,3.566,103.875,1.326
2018-11-14,2.483,2.688,3.526,104.203,1.32
2018-11-15,2.464,2.703,3.569,104.511,1.336
2018-11-16,2.474,2.707,3.579,104.708,1.332
2018-11-19,2.484,2.714,3.616,104.843,1.325
2018-11-20,2.396,2.724,3.543,104.736,1.291
2018-11-21,2.379,2.723,3.546,104.743,1.294
2018-11-22,2.377,2.728,3.537,104.674,1.285
2018-11-23,2.361,2.731,3.452,104.684,1.248
2018-11-26,2.382,2.727,3.457,104.498,1.244
2018-11-27,2.41,2.722,3.454,104.507,1.253
2018-11-28,2.435,2.71,3.502,104.545,1.277
2018-11-29,2.483,2.731,3.47,104.752,1.247
2018-11-30,2.493,2.732,3.503,104.587,1.264
2018-12-03,2.558,2.72,3.587,104.737,1.31
2018-12-04,2.513,2.72,3.592,104.966,1.315
2018-12-05,2.444,2.725,3.577,105.223,1.315
2018-12-06,2.404,2.735,3.51,105.339,1.28
2018-12-07,2.44,2.738,3.503,105.38,1.275
2018-12-10,2.368,2.767,3.473,105.499,1.264
2018-12-11,2.399,2.763,3.486,105.654,1.277
2018-12-12,2.429,2.75,3.497,105.685,1.276
2018-12-13,2.443,2.748,3.552,105.335,1.286
2018-12-14,2.411,2.745,3.495,104.982,1.248
2018-12-17,2.387,2.746,3.491,104.91,1.24
2018-12-18,2.337,2.761,3.451,104.746,1.232
2018-12-19,2.336,2.77,3.418,104.885,1.209
2018-12-20,2.272,2.77,3.395,105.195,1.219
2018-12-21,2.267,2.788,3.356,105.422,1.213
2018-12-24,2.194,2.798,3.363,105.25,1.226
2018-12-25,2.123,2.82,3.344,105.306,1.217
2018-12-26,2.12,2.819,3.327,105.536,1.211
2018-12-27,2.236,2.809,3.32,105.658,1.192
2018-12-28,2.243,2.826,3.327,106.134,1.194
2019-01-02,2.233,2.837,3.285,106.08,1.178
2019-01-03,2.225,2.868,3.285,106.257,1.164
2019-01-04,2.224,2.853,3.362,106.119,1.195
2019-01-07,2.296,2.841,3.375,106.007,1.214
2019-01-08,2.328,2.828,3.375,106.092,1.211
2019-01-09,2.341,2.817,3.398,106.172,1.21
2019-01-10,2.322,2.823,3.401,106.191,1.207
2019-01-11,2.328,2.805,3.424,106.184,1.209
2019-01-14,2.302,2.807,3.397,106.144,1.195
2019-01-15,2.322,2.801,3.456,106.1,1.216
2019-01-16,2.351,2.803,3.456,106.352,1.214
2019-01-17,2.334,2.81,3.439,106.539,1.198
2019-01-18,2.378,2.811,3.493,106.44,1.216
2019-01-21,2.392,2.8,3.51,106.3,1.222
2019-01-22,2.379,2.799,3.47,106.319,1.201
2019-01-23,2.353,2.802,3.462,106.221,1.197
2019-01-24,2.355,2.8,3.486,106.263,1.211
2019-01-25,2.371,2.797,3.51,106.113,1.214
2019-01-28,2.37,2.823,3.506,106.109,1.208
2019-01-29,2.345,2.833,3.52,106.181,1.192
2019-01-30,2.339,2.842,3.499,106.269,1.183
2019-01-31,2.395,2.837,3.529,106.351,1.178
2019-02-01,2.427,2.852,3.582,106.456,1.221
2019-02-11,2.439,2.84,3.627,106.641,1.264
2019-02-12,2.459,2.851,3.651,106.72,1.278
2019-02-13,2.488,2.847,3.72,106.779,1.301
2019-02-14,2.48,2.843,3.724,106.651,1.304
2019-02-15,2.458,2.861,3.668,106.779,1.302
2019-02-18,2.491,2.876,3.765,106.676,1.357
2019-02-19,2.493,2.878,3.756,106.587,1.346
2019-02-20,2.475,2.898,3.765,106.475,1.348
2019-02-21,2.476,2.88,3.761,106.401,1.355
2019-02-22,2.463,2.86,3.853,106.234,1.406
2019-02-25,2.476,2.858,4.102,106.114,1.492
2019-02-26,2.462,2.856,4.017,105.8,1.479
2019-02-27,2.465,2.853,3.997,106.0,1.458
2019-02-28,2.461,2.833,3.99,106.01,1.47
2019-03-01,2.487,2.826,4.065,105.96,1.5
2019-03-04,2.501,2.784,4.104,105.947,1.556
2019-03-05,2.486,2.77,4.136,105.84,1.615
2019-03-06,2.491,2.784,4.162,105.833,1.635
2019-03-07,2.471,2.773,4.12,106.176,1.621
2019-03-08,2.442,2.799,3.988,106.236,1.584
2019-03-11,2.458,2.808,4.037,106.232,1.658
2019-03-12,2.508,2.808,4.062,106.317,1.696
2019-03-13,2.509,2.82,4.04,106.373,1.618
2019-03-14,2.535,2.815,4.013,106.357,1.583
2019-03-15,2.541,2.811,4.062,106.394,1.589
2019-03-18,2.558,2.807,4.177,106.347,1.634
2019-03-19,2.565,2.823,4.149,106.401,1.633
2019-03-20,2.563,2.819,4.149,106.489,1.613
2019-03-21,2.564,2.839,4.151,106.486,1.627
2019-03-22,2.615,2.833,4.156,106.66,1.621
2019-03-25,2.538,2.849,4.061,106.889,1.598
2019-03-26,2.558,2.85,4.022,107.128,1.556
2019-03-27,2.576,2.848,4.054,107.09,1.568
2019-03-28,2.548,2.842,4.044,106.99,1.556
2019-03-29,2.569,2.788,4.196,106.88,1.624
2019-04-01,2.604,2.788,4.296,106.782,1.694
2019-04-02,2.613,2.792,4.289,106.429,1.682
2019-04-03,2.633,2.797,4.342,106.02,1.7
2019-04-04,2.636,2.798,4.389,105.725,1.701
2019-04-08,2.645,2.81,4.363,105.5,1.665
2019-04-09,2.648,2.811,4.387,105.533,1.667
2019-04-10,2.645,2.825,4.393,105.351,1.654
2019-04-11,2.659,2.828,4.323,105.565,1.619
2019-04-12,2.654,2.8,4.309,105.42,1.624
2019-04-15,2.662,2.785,4.284,104.86,1.596
2019-04-16,2.677,2.785,4.404,104.62,1.629
2019-04-17,2.679,2.769,4.394,104.895,1.642
2019-04-18,2.67,2.751,4.387,104.801,1.629
2019-04-19,2.676,2.762,4.447,104.911,1.645
2019-04-22,2.679,2.772,4.344,104.707,1.624
2019-04-23,2.699,2.757,4.337,104.539,1.61
2019-04-24,2.741,2.754,4.343,104.45,1.646
2019-04-25,2.76,2.767,4.26,104.529,1.598
2019-04-26,2.778,2.773,4.206,104.645,1.589
2019-04-29,2.814,2.769,4.221,104.49,1.549
2019-04-30,2.807,2.777,4.223,104.796,1.553
2019-05-06,2.727,2.793,4.0,105.09,1.424
2019-05-07,2.757,2.787,4.034,105.128,1.438
2019-05-08,2.704,2.804,3.986,105.212,1.419
2019-05-09,2.686,2.806,3.934,105.35,1.409
2019-05-10,2.689,2.808,4.047,105.53,1.465
2019-05-13,2.679,2.826,3.979,105.949,1.441
2019-05-14,2.624,2.858,3.961,105.81,1.431
2019-05-15,2.658,2.844,4.039,105.804,1.462
2019-05-16,2.678,2.858,4.057,105.87,1.468
2019-05-17,2.709,2.854,3.973,105.994,1.416
2019-05-20,2.696,2.835,3.933,106.006,1.407
2019-05-21,2.67,2.834,3.978,105.786,1.43
2019-05-22,2.664,2.834,3.969,105.699,1.427
2019-05-23,2.639,2.841,3.911,105.721,1.392
2019-05-24,2.632,2.856,3.917,105.651,1.384
2019-05-27,2.618,2.858,3.96,105.32,1.428
2019-05-28,2.624,2.854,3.977,105.543,1.432
2019-05-29,2.598,2.861,3.979,105.72,1.432
2019-05-30,2.596,2.847,3.977,105.826,1.422
2019-05-31,2.573,2.878,3.959,105.917,1.425
2019-06-03,2.538,2.914,3.967,106.114,1.411
2019-06-04,2.503,2.944,3.934,106.324,1.4
2019-06-05,2.573,2.963,3.926,106.473,1.393
2019-06-06,2.585,2.962,3.895,106.496,1.363
2019-06-10,2.67,2.953,3.941,106.401,1.376
2019-06-11,2.695,2.937,4.054,106.161,1.43
2019-06-12,2.674,2.972,4.026,106.14,1.412
2019-06-13,2.667,2.977,4.019,106.275,1.422
2019-06-14,2.679,3.022,3.997,106.44,1.397
2019-06-17,2.684,2.983,4.0,106.512,1.39
2019-06-18,2.698,3.004,4.008,106.41,1.4
2019-06-19,2.73,2.989,4.062,106.353,1.417
2019-06-20,2.757,3.054,4.17,106.402,1.442
2019-06-21,2.748,3.079,4.177,106.401,1.473
2019-06-24,2.757,3.101,4.183,106.37,1.46
2019-06-25,2.734,3.166,4.144,106.444,1.442
2019-06-26,2.702,3.108,4.145,106.392,1.448
2019-06-27,2.727,3.1,4.187,106.35,1.469
2019-06-28,2.718,3.109,4.186,106.436,1.457
2019-07-01,2.774,3.034,4.281,106.501,1.511
2019-07-02,2.762,3.066,4.287,106.595,1.511
2019-07-03,2.777,3.152,4.254,106.796,1.488
2019-07-04,2.792,3.119,4.228,107.07,1.476
2019-07-05,2.804,3.125,4.248,106.89,1.492
2019-07-08,2.777,3.109,4.158,106.815,1.45
2019-07-09,2.756,3.081,4.149,106.911,1.462
2019-07-10,2.787,3.079,4.15,106.862,1.456
2019-07-11,2.822,3.132,4.151,106.913,1.458
2019-07-12,2.817,3.111,4.182,106.919,1.465
2019-07-15,2.84,3.123,4.196,106.99,1.489
2019-07-16,2.849,3.12,4.18,106.961,1.489
2019-07-17,2.834,3.103,4.174,106.98,1.492
2019-07-18,2.802,3.135,4.149,107.055,1.47
2019-07-19,2.835,3.177,4.189,107.076,1.486
2019-07-22,2.804,3.153,4.159,107.131,1.461
2019-07-23,2.835,3.13,4.168,107.175,1.481
2019-07-24,2.847,3.143,4.199,107.137,1.498
2019-07-25,2.87,3.147,4.234,107.031,1.506
2019-07-26,2.854,3.134,4.239,107.059,1.506
2019-07-29,2.866,3.139,4.233,107.002,1.509
2019-07-30,2.861,3.152,4.251,106.978,1.522
2019-07-31,2.854,3.164,4.223,107.139,1.512
2019-08-01,2.813,3.112,4.187,107.17,1.516
2019-08-02,2.818,3.184,4.128,107.441,1.501
2019-08-05,2.789,3.289,4.062,107.838,1.473
2019-08-06,2.734,3.296,4.023,108.098,1.451
2019-08-07,2.754,3.363,3.999,108.0,1.447
2019-08-08,2.784,3.386,4.053,108.12,1.468
2019-08-09,2.822,3.403,4.024,108.52,1.45
2019-08-12,2.823,3.382,4.083,108.439,1.486
2019-08-13,2.775,3.465,4.051,108.55,1.47
2019-08-14,2.827,3.376,4.065,108.61,1.477
2019-08-15,2.764,3.414,4.08,108.566,1.498
2019-08-16,2.762,3.419,4.096,108.43,1.512
2019-08-19,2.808,3.402,4.186,108.289,1.568
2019-08-20,2.823,3.388,4.17,108.199,1.553
2019-08-21,2.809,3.391,4.169,108.141,1.549
2019-08-22,2.828,3.401,4.177,108.101,1.554
2019-08-23,2.84,3.398,4.204,107.986,1.555
2019-08-26,2.777,3.52,4.161,108.22,1.54
2019-08-27,2.807,3.522,4.201,108.085,1.567
2019-08-28,2.804,3.524,4.189,108.132,1.565
2019-08-29,2.798,3.565,4.178,108.232,1.558
2019-08-30,2.841,3.508,4.188,108.159,1.549
2019-09-02,2.835,3.496,4.231,108.05,1.592
2019-09-03,2.829,3.511,4.235,108.051,1.595
2019-09-04,2.847,3.524,4.284,108.061,1.607
2019-09-05,2.866,3.539,4.321,108.141,1.627
2019-09-06,2.894,3.429,4.348,108.39,1.631
2019-09-09,2.903,3.442,4.364,108.221,1.67
2019-09-10,2.876,3.389,4.353,108.121,1.661
2019-09-11,2.875,3.404,4.324,108.13,1.638
2019-09-12,2.903,3.404,4.365,107.999,1.646
2019-09-16,2.871,3.407,4.351,107.852,1.65
2019-09-17,2.874,3.394,4.278,107.919,1.618
2019-09-18,2.89,3.407,4.295,107.841,1.617
2019-09-19,2.888,3.401,4.314,107.799,1.642
2019-09-20,2.896,3.412,4.32,107.813,1.638
2019-09-23,2.883,3.441,4.285,107.825,1.62
2019-09-24,2.88,3.46,4.288,107.799,1.629
2019-09-25,2.838,3.48,4.261,107.79,1.611
2019-09-26,2.859,3.434,4.234,107.53,1.561
2019-09-27,2.855,3.404,4.243,107.424,1.587
2019-09-30,2.834,3.396,4.196,107.43,1.57
2019-10-08,2.847,3.39,4.221,107.539,1.556
2019-10-09,2.806,3.44,4.232,107.701,1.561
2019-10-10,2.819,3.422,4.26,107.72,1.604
2019-10-11,2.848,3.405,4.308,107.598,1.606
2019-10-14,2.868,3.356,4.337,107.535,1.617
2019-10-15,2.879,3.363,4.324,107.524,1.597
2019-10-16,2.904,3.35,4.31,107.491,1.592
2019-10-17,2.903,3.374,4.316,107.51,1.595
2019-10-18,2.899,3.371,4.258,107.419,1.589
2019-10-21,2.882,3.369,4.267,107.25,1.585
2019-10-22,2.907,3.356,4.282,107.12,1.606
2019-10-23,2.872,3.371,4.261,107.141,1.589
2019-10-24,2.888,3.364,4.266,107.176,1.593
2019-10-25,2.896,3.398,4.29,107.122,1.616
2019-10-28,2.932,3.395,4.313,106.921,1.646
2019-10-29,2.953,3.36,4.3,106.649,1.624
2019-10-30,2.934,3.356,4.274,106.5,1.619
2019-10-31,2.95,3.363,4.272,106.651,1.608
2019-11-01,2.956,3.387,4.353,106.741,1.625
2019-11-04,2.977,3.383,4.366,106.674,1.634
2019-11-05,2.992,3.362,4.389,106.8,1.649
2019-11-06,2.974,3.313,4.372,106.901,1.638
2019-11-07,2.97,3.331,4.377,106.88,1.651
2019-11-08,2.961,3.269,4.361,106.715,1.645
2019-11-11,2.978,3.266,4.294,106.881,1.61
2019-11-12,2.993,3.233,4.289,106.948,1.611
2019-11-13,2.994,3.267,4.286,107.096,1.62
2019-11-14,3.001,3.276,4.289,107.212,1.63
2019-11-15,3.014,3.268,4.27,107.241,1.614
2019-11-18,3.028,3.269,4.298,107.442,1.621
2019-11-19,3.044,3.29,4.338,107.541,1.666
2019-11-20,3.03,3.301,4.297,107.606,1.655
2019-11-21,3.017,3.294,4.277,107.6,1.65
2019-11-22,3.023,3.287,4.235,107.565,1.614
2019-11-25,3.042,3.264,4.263,107.447,1.599
2019-11-26,3.09,3.263,4.269,107.491,1.608
2019-11-27,3.081,3.268,4.263,107.569,1.611
2019-11-28,3.099,3.261,4.257,107.601,1.611
2019-11-29,3.095,3.265,4.214,107.6,1.6
2019-12-02,3.12,3.269,4.222,107.691,1.606
2019-12-03,3.084,3.277,4.238,107.672,1.613
2019-12-04,3.047,3.337,4.24,107.823,1.612
2019-12-05,3.061,3.321,4.269,107.876,1.648
2019-12-06,3.058,3.297,4.293,107.845,1.662
2019-12-09,3.086,3.275,4.28,107.839,1.656
2019-12-10,3.069,3.28,4.283,107.72,1.67
2019-12-11,3.064,3.282,4.289,107.748,1.653
2019-12-12,3.086,3.3,4.278,107.795,1.657
2019-12-13,3.109,3.261,4.357,107.723,1.693
2019-12-16,3.129,3.294,4.369,107.695,1.715
2019-12-17,3.161,3.292,4.431,107.5,1.738
2019-12-18,3.132,3.295,4.416,107.5,1.725
2019-12-19,3.121,3.292,4.409,107.53,1.724
2019-12-20,3.155,3.302,4.405,107.705,1.708
2019-12-23,3.17,3.313,4.353,108.13,1.671
2019-12-24,3.185,3.331,4.374,108.21,1.704
2019-12-25,3.168,3.352,4.381,108.31,1.718
2019-12-26,3.189,3.353,4.41,108.449,1.726
2019-12-27,3.217,3.363,4.406,108.451,1.698
2019-12-30,3.21,3.361,4.464,108.444,1.727
2019-12-31,3.193,3.384,4.485,108.47,1.73
2020-01-02,3.24,3.37,4.538,108.351,1.765
2020-01-03,3.254,3.422,4.528,108.359,1.764
2020-01-06,3.212,3.497,4.512,108.5,1.788
2020-01-07,3.257,3.466,4.544,108.434,1.822
2020-01-08,3.219,3.531,4.503,108.438,1.792
2020-01-09,3.29,3.408,4.547,108.459,1.839
2020-01-10,3.366,3.418,4.546,108.874,1.831
2020-01-13,3.359,3.418,4.591,108.831,1.862
2020-01-14,3.401,3.374,4.573,108.741,1.85
2020-01-15,3.41,3.403,4.541,108.777,1.847
2020-01-16,3.441,3.406,4.535,108.75,1.856
2020-01-17,3.483,3.404,4.54,108.835,1.858
2020-01-20,3.424,3.405,4.57,108.947,1.905
2020-01-21,3.397,3.437,4.494,109.2,1.892
2020-01-22,3.436,3.407,4.508,109.33,1.918
2020-01-23,3.478,3.43,4.385,109.663,1.853
2020-02-03,3.303,3.52,4.048,110.935,1.708
2020-02-04,3.422,3.492,4.159,110.845,1.816
2020-02-05,3.57,3.469,4.196,110.873,1.871
2020-02-06,3.682,3.452,4.286,110.875,1.93
2020-02-07,3.709,3.468,4.277,111.03,1.94
2020-02-10,3.732,3.481,4.29,111.222,1.961
2020-02-11,3.871,3.472,4.332,111.304,1.947
2020-02-12,3.971,3.465,4.36,111.301,2.006
2020-02-13,4.197,3.49,4.339,111.189,1.988
2020-02-14,4.01,3.494,4.366,111.177,1.987
2020-02-17,3.976,3.505,4.453,110.996,2.071
2020-02-18,3.837,3.522,4.428,110.78,2.09
2020-02-19,3.799,3.562,4.429,110.754,2.054
2020-02-20,3.82,3.574,4.52,110.6,2.105
2020-02-21,3.719,3.646,4.534,110.811,2.145
2020-02-24,3.558,3.725,4.501,111.042,2.178
2020-02-25,3.686,3.648,4.493,111.05,2.195
2020-02-26,3.619,3.668,4.459,111.141,2.102
2020-02-27,3.57,3.669,4.46,111.349,2.111
2020-02-28,3.392,3.623,4.322,111.7,1.995
2020-03-02,3.541,3.542,4.465,111.71,2.054
2020-03-03,3.565,3.536,4.462,111.701,2.092
2020-03-04,3.567,3.612,4.491,111.901,2.088
2020-03-05,3.571,3.611,4.589,112.12,2.121
2020-03-06,3.493,3.686,4.51,112.545,2.111
2020-03-09,3.258,3.659,4.379,113.948,2.013
2020-03-10,3.413,3.612,4.467,113.074,2.063
2020-03-11,3.294,3.648,4.4,113.086,2.024
2020-03-12,3.176,3.608,4.337,113.282,1.971
2020-03-13,3.217,3.502,4.278,112.378,1.952
2020-03-16,3.015,3.414,4.115,112.389,1.832
2020-03-17,3.081,3.255,4.082,111.973,1.842
2020-03-18,2.998,3.326,4.02,112.035,1.818
2020-03-19,3.061,3.312,3.985,111.73,1.825
2020-03-20,3.161,3.346,4.033,111.7,1.847
2020-03-23,3.019,3.337,3.915,112.29,1.761
2020-03-24,3.181,3.523,4.0,112.476,1.806
2020-03-25,3.302,3.581,4.095,112.485,1.86
2020-03-26,3.22,3.572,4.072,112.651,1.853
2020-03-27,3.159,3.612,4.089,112.677,1.83
2020-03-30,3.094,3.583,4.055,112.705,1.791
2020-03-31,3.099,3.586,4.058,112.815,1.795
2020-04-01,3.066,3.528,4.062,112.97,1.792
2020-04-02,3.123,3.543,4.112,112.933,1.844
2020-04-03,3.077,3.575,4.086,112.934,1.834
2020-04-07,3.175,3.676,4.169,113.394,1.894
2020-04-08,3.156,3.641,4.154,113.61,1.89
2020-04-09,3.168,3.65,4.165,113.493,1.921
2020-04-10,3.126,3.671,4.153,113.381,1.877
2020-04-13,3.095,3.67,4.132,113.467,1.853
2020-04-14,3.165,3.712,4.194,113.429,1.909
2020-04-15,3.237,3.702,4.172,113.572,1.899
2020-04-16,3.262,3.73,4.174,113.877,1.932
2020-04-17,3.375,3.669,4.208,113.778,1.943
2020-04-20,3.375,3.651,4.224,113.431,1.969
2020-04-21,3.348,3.684,4.184,113.43,1.949
2020-04-22,3.423,3.674,4.218,113.714,1.967
2020-04-23,3.465,3.739,4.211,114.26,1.951
2020-04-24,3.446,3.769,4.179,114.532,1.93
2020-04-27,3.567,3.741,4.196,114.504,1.939
2020-04-28,3.656,3.714,4.22,114.634,1.951
2020-04-29,3.722,3.733,4.24,114.749,1.952
2020-04-30,3.737,3.746,4.297,114.501,1.993
2020-05-06,3.748,3.741,4.307,114.289,2.029
2020-05-07,3.764,3.723,4.3,113.755,2.025
2020-05-08,3.789,3.769,4.342,113.472,2.042
2020-05-11,3.726,3.754,4.335,112.922,2.024
2020-05-12,3.656,3.746,4.334,113.235,2.043
2020-05-13,3.644,3.757,4.343,112.979,2.058
2020-05-14,3.586,3.781,4.31,112.928,2.036
2020-05-15,3.61,3.834,4.291,113.132,2.042
2020-05-18,3.651,3.927,4.303,112.637,2.039
2020-05-19,3.748,3.865,4.332,112.784,2.061
2020-05-20,3.721,3.906,4.316,112.989,2.041
2020-05-21,3.72,3.87,4.29,113.039,2.02
2020-05-22,3.596,3.865,4.204,113.564,1.972
2020-05-25,3.713,3.858,4.206,113.203,1.975
2020-05-26,3.797,3.876,4.252,112.786,2.038
2020-05-27,3.772,3.835,4.234,112.784,1.997
2020-05-28,3.757,3.863,4.239,113.109,1.982
2020-05-29,3.73,3.864,4.255,112.733,2.006
2020-06-01,3.744,3.895,4.357,112.401,2.082
2020-06-02,3.738,3.888,4.368,112.063,2.067
2020-06-03,3.771,3.853,4.367,111.872,2.06
2020-06-04,3.793,3.82,4.369,111.499,2.073
2020-06-05,3.792,3.817,4.392,111.403,2.087
2020-06-08,3.796,3.783,4.411,111.781,2.073
2020-06-09,3.802,3.782,4.438,111.761,2.102
2020-06-10,3.788,3.821,4.429,111.731,2.122
2020-06-11,3.786,3.855,4.392,112.223,2.119
2020-06-12,3.724,3.854,4.402,112.318,2.141
2020-06-15,3.665,3.844,4.345,112.619,2.141
2020-06-16,3.806,3.84,4.407,111.787,2.183
2020-06-17,3.82,3.842,4.411,111.694,2.188
2020-06-18,3.794,3.836,4.442,111.513,2.194
2020-06-19,3.802,3.844,4.494,111.54,2.238
2020-06-22,3.786,3.886,4.498,111.56,2.263
2020-06-23,3.819,3.882,4.517,111.01,2.307
2020-06-24,3.829,3.91,4.553,111.52,2.307
2020-06-29,3.76,3.91,4.517,111.566,2.295
2020-06-30,3.77,3.914,4.567,111.463,2.359
2020-07-01,3.786,3.939,4.661,111.566,2.342
2020-07-02,3.803,3.903,4.759,111.716,2.35
2020-07-03,3.802,3.915,4.846,111.6,2.38
2020-07-06,3.828,3.902,5.173,110.585,2.45
2020-07-07,3.839,3.911,5.125,110.116,2.503
2020-07-08,3.821,3.928,5.187,109.756,2.574
2020-07-09,3.839,3.954,5.261,109.567,2.674
2020-07-10,3.847,3.926,5.174,109.839,2.685
2020-07-13,3.925,3.939,5.274,109.651,2.802
2020-07-14,3.872,3.935,5.231,110.088,2.767
2020-07-15,3.882,3.94,5.173,110.483,2.722
2020-07-16,3.82,3.927,4.945,110.744,2.558
2020-07-17,3.868,3.904,4.994,110.445,2.583
2020-07-20,3.849,3.925,5.116,110.334,2.611
2020-07-21,3.983,3.951,5.128,110.393,2.643
2020-07-22,3.944,4.043,5.181,111.077,2.678
2020-07-23,3.956,4.066,5.155,111.208,2.706
2020-07-24,3.837,4.109,4.943,111.393,2.537
2020-07-27,3.849,4.203,4.971,111.445,2.54
2020-07-28,3.877,4.198,5.006,111.151,2.573
2020-07-29,3.864,4.206,5.138,110.983,2.68
2020-07-30,3.859,4.174,5.103,110.763,2.652
2020-07-31,3.92,4.216,5.139,110.361,2.708
2020-08-03,3.918,4.2,5.214,110.442,2.774
2020-08-04,3.973,4.206,5.218,110.463,2.738
2020-08-05,3.967,4.32,5.22,110.606,2.763
2020-08-06,3.958,4.353,5.202,110.646,2.719
2020-08-07,4.004,4.378,5.154,110.51,2.657
2020-08-10,3.994,4.349,5.17,110.616,2.641
2020-08-11,3.992,4.253,5.123,110.488,2.6
2020-08-12,3.981,3.989,5.091,110.314,2.548
2020-08-13,4.065,4.054,5.076,110.597,2.535
2020-08-14,4.058,4.088,5.167,110.636,2.579
2020-08-17,4.063,4.129,5.266,110.726,2.607
2020-08-18,4.059,4.225,5.259,110.758,2.605
2020-08-19,4.111,4.177,5.183,110.579,2.524
2020-08-20,4.106,4.088,5.132,110.322,2.503
2020-08-21,4.211,4.092,5.173,110.36,2.547
2020-08-24,4.392,4.057,5.203,110.342,2.598
2020-08-25,4.592,4.065,5.212,110.034,2.612
2020-08-26,4.504,4.06,5.153,109.89,2.552
2020-08-27,4.698,4.109,5.189,109.957,2.603
2020-08-28,4.797,4.109,5.306,109.645,2.666
2020-08-31,5.058,4.123,5.263,109.724,2.637
2020-09-01,4.99,4.169,5.297,110.117,2.658
2020-09-02,5.193,4.125,5.293,109.962,2.676
2020-09-03,5.305,4.053,5.273,110.266,2.653
2020-09-04,4.846,4.065,5.218,110.291,2.638
2020-09-07,4.484,4.063,5.121,110.048,2.549
2020-09-08,4.724,4.066,5.145,110.397,2.564
2020-09-09,4.482,4.068,5.034,110.683,2.44
2020-09-10,4.609,4.096,5.038,110.746,2.403
2020-09-11,4.529,4.087,5.074,110.183,2.449
2020-09-14,4.654,4.086,5.101,109.797,2.484
2020-09-15,4.811,4.1,5.136,110.212,2.504
2020-09-16,4.802,4.088,5.108,110.25,2.47
2020-09-17,4.604,4.06,5.079,110.195,2.467
2020-09-18,4.761,4.078,5.2,110.216,2.513
2020-09-21,4.667,4.078,5.145,110.718,2.48
2020-09-22,4.593,3.985,5.088,110.898,2.469
2020-09-23,4.655,3.925,5.102,110.653,2.508
2020-09-24,4.481,3.881,5.025,110.605,2.454
2020-09-25,4.445,3.928,5.028,110.453,2.457
2020-09-28,4.52,3.919,5.038,110.594,2.434
2020-09-29,4.546,3.972,5.049,110.403,2.479
2020-09-30,4.555,3.974,5.035,110.188,2.489
2020-10-09,4.644,3.971,5.128,110.04,2.581
2020-10-12,4.673,4.014,5.276,109.74,2.683
2020-10-13,4.722,4.003,5.292,109.787,2.688
2020-10-14,4.707,3.958,5.268,109.687,2.668
2020-10-15,4.586,3.953,5.256,109.603,2.65
2020-10-16,4.582,3.965,5.242,109.824,2.634
2020-10-19,4.636,3.968,5.211,110.062,2.6
2020-10-20,4.605,3.952,5.241,109.858,2.645
2020-10-21,4.604,3.966,5.247,109.887,2.612
2020-10-22,4.556,3.97,5.231,110.016,2.582
2020-10-23,4.509,3.956,5.175,109.956,2.516
2020-10-26,4.429,3.938,5.139,109.813,2.533
2020-10-27,4.402,3.972,5.153,110.076,2.56
2020-10-28,4.364,3.974,5.193,110.059,2.577
2020-10-29,4.312,3.92,5.237,110.121,2.607
2020-10-30,4.251,3.897,5.146,110.104,2.563
2020-11-02,4.253,3.93,5.174,110.332,2.617
2020-11-03,4.42,3.949,5.225,110.286,2.649
2020-11-04,4.635,3.967,5.262,110.284,2.658
2020-11-05,4.65,3.965,5.338,110.27,2.69
2020-11-06,4.483,4.001,5.34,110.259,2.637
2020-11-09,4.602,3.99,5.437,110.05,2.719
2020-11-10,4.469,3.889,5.41,110.014,2.674
2020-11-11,4.407,3.881,5.363,109.97,2.595
2020-11-12,4.419,3.873,5.36,110.018,2.607
2020-11-13,4.385,3.89,5.309,109.692,2.619
2020-11-16,4.4,3.888,5.362,109.8,2.62
2020-11-17,4.324,3.881,5.353,109.829,2.572
2020-11-18,4.284,3.856,5.346,109.622,2.534
2020-11-19,4.276,3.837,5.388,109.508,2.556
2020-11-20,4.305,3.843,5.403,109.448,2.576
2020-11-23,4.271,3.851,5.461,109.583,2.593
2020-11-24,4.281,3.755,5.429,109.541,2.582
2020-11-25,4.312,3.714,5.367,109.575,2.528
2020-11-26,4.325,3.718,5.374,109.564,2.522
2020-11-27,4.312,3.72,5.445,109.53,2.532
2020-11-30,4.317,3.628,5.42,109.682,2.541
2020-12-01,4.364,3.653,5.531,109.61,2.602
2020-12-02,4.394,3.707,5.52,109.551,2.593
2020-12-03,4.371,3.748,5.518,109.528,2.619
2020-12-04,4.349,3.754,5.529,109.9,2.637
2020-12-07,4.299,3.745,5.485,109.751,2.628
2020-12-08,4.293,3.8,5.469,110.089,2.646
2020-12-09,4.29,3.778,5.409,109.985,2.598
2020-12-10,4.22,3.74,5.399,109.956,2.627
2020-12-11,4.207,3.739,5.343,109.785,2.601
2020-12-14,4.204,3.74,5.387,109.63,2.641
2020-12-15,4.212,3.769,5.402,109.66,2.667
2020-12-16,4.281,3.793,5.412,109.665,2.667
2020-12-17,4.283,3.812,5.483,109.574,2.694
2020-12-18,4.303,3.838,5.454,109.575,2.688
2020-12-21,4.341,3.879,5.499,109.559,2.778
2020-12-22,4.299,3.825,5.422,109.766,2.718
2020-12-23,4.315,3.818,5.463,109.832,2.745
2020-12-24,4.298,3.832,5.463,109.841,2.726
2020-12-25,4.321,3.853,5.505,109.976,2.749
2020-12-28,4.346,3.858,5.519,110.0,2.745
2020-12-29,4.383,3.837,5.503,110.189,2.717
2020-12-30,4.382,3.832,5.567,110.249,2.799
2020-12-31,4.375,3.85,5.676,110.105,2.866
2021-01-04,4.333,3.902,5.723,110.038,2.976
2021-01-05,4.275,3.92,5.822,110.21,2.988
2021-01-06,4.256,3.931,5.871,110.44,3.003
2021-01-07,4.243,3.903,5.988,110.426,3.056
2021-01-08,4.318,3.878,5.96,110.446,3.036
2021-01-11,4.331,3.777,5.897,110.411,2.989
2021-01-12,4.299,3.805,6.057,110.47,3.076
2021-01-13,4.281,3.797,6.035,110.718,3.025
2021-01-14,4.297,3.772,5.932,110.869,2.987
2021-01-15,4.268,3.785,5.915,111.032,2.99
2021-01-18,4.244,3.775,5.974,110.777,3.046
2021-01-19,4.291,3.779,5.899,110.671,2.976
2021-01-20,4.324,3.789,5.929,110.886,3.096
2021-01-21,4.435,3.825,6.023,110.892,3.176
2021-01-22,4.432,3.806,6.026,111.118,3.241
2021-01-25,4.471,3.788,6.092,111.068,3.242
2021-01-26,4.443,3.799,5.972,110.62,3.152
2021-01-27,4.513,3.779,5.982,110.533,3.166
2021-01-28,4.333,3.761,5.846,110.496,3.057
2021-01-29,4.327,3.778,5.809,110.282,3.029
2021-02-01,4.31,3.82,5.872,110.615,3.056
2021-02-02,4.441,3.789,5.952,110.76,3.118
2021-02-03,4.493,3.75,5.946,110.672,3.106
2021-02-04,4.449,3.723,5.935,110.663,3.098
2021-02-05,4.508,3.681,5.943,110.349,3.084
2021-02-08,4.537,3.712,6.015,110.126,3.084
2021-02-09,4.536,3.752,6.153,110.208,3.222
2021-02-10,4.553,3.756,6.268,110.47,3.293
2021-02-18,4.532,3.65,6.225,110.373,3.202
2021-02-19,4.527,3.634,6.257,110.464,3.17
2021-02-22,4.487,3.675,6.05,110.36,3.032
2021-02-23,4.416,3.713,6.035,110.53,3.009
2021-02-24,4.339,3.705,5.888,110.57,2.904
2021-02-25,4.422,3.67,5.939,110.546,2.878
2021-02-26,4.246,3.613,5.79,110.445,2.814
2021-03-01,4.342,3.595,5.879,110.28,2.894
2021-03-02,4.396,3.536,5.81,110.615,2.859
2021-03-03,4.376,3.549,5.915,110.475,2.9
2021-03-04,4.234,3.514,5.748,110.466,2.751
2021-03-05,4.182,3.482,5.727,110.599,2.772
2021-03-08,4.189,3.519,5.541,110.728,2.633
2021-03-09,4.153,3.506,5.44,110.761,2.547
2021-03-10,4.261,3.542,5.461,110.862,2.586
2021-03-11,4.297,3.573,5.59,110.731,2.65
2021-03-12,4.324,3.524,5.603,110.697,2.658
2021-03-15,4.306,3.556,5.501,110.621,2.555
2021-03-16,4.387,3.562,5.534,110.554,2.579
2021-03-17,4.38,3.577,5.557,110.507,2.607
2021-03-18,4.413,3.604,5.597,110.33,2.65
2021-03-19,4.267,3.589,5.458,110.452,2.579
2021-03-22,4.308,3.57,5.515,110.544,2.607
2021-03-23,4.349,3.585,5.47,110.574,2.579
2021-03-24,4.351,3.578,5.394,110.702,2.543
2021-03-25,4.285,3.589,5.39,110.747,2.567
2021-03-26,4.322,3.579,5.494,110.662,2.65
2021-03-29,4.322,3.579,5.504,110.642,2.637
2021-03-30,4.331,3.536,5.548,110.729,2.673
2021-03-31,4.329,3.495,5.511,110.934,2.665
2021-04-01,4.43,3.565,5.573,110.815,2.718
2021-04-02,4.479,3.612,5.622,110.821,2.756
2021-04-06,4.549,3.591,5.594,110.793,2.73
2021-04-07,4.545,3.607,5.559,110.828,2.707
2021-04-08,4.592,3.614,5.57,110.724,2.728
2021-04-09,4.605,3.631,5.499,110.798,2.69
2021-04-12,4.635,3.612,5.415,111.021,2.627
2021-04-13,4.625,3.575,5.408,111.3,2.649
2021-04-14,4.685,3.615,5.436,111.37,2.707
2021-04-15,4.638,3.612,5.408,111.215,2.698
2021-04-16,4.681,3.643,5.424,111.573,2.688
2021-04-19,4.69,3.67,5.55,111.515,2.798
2021-04-20,4.62,3.635,5.542,111.599,2.791
2021-04-21,4.585,3.673,5.554,111.605,2.814
2021-04-22,4.627,3.676,5.55,111.538,2.837
2021-04-23,4.572,3.668,5.601,111.825,2.891
2021-04-26,4.619,3.649,5.537,111.698,2.863
2021-04-27,4.656,3.653,5.55,111.597,2.884
2021-04-28,4.64,3.632,5.588,111.304,2.949
2021-04-29,4.653,3.643,5.634,111.449,2.952
2021-04-30,4.619,3.625,5.589,111.66,2.989
2021-05-06,4.512,3.676,5.522,111.638,2.904
2021-05-07,4.502,3.717,5.461,111.616,2.819
2021-05-10,4.537,3.73,5.46,111.618,2.827
2021-05-11,4.405,3.725,5.486,111.842,2.823
2021-05-12,4.406,3.732,5.517,111.822,2.865
2021-05-13,4.346,3.717,5.462,111.746,2.845
2021-05-14,4.394,3.739,5.588,111.801,2.937
2021-05-17,4.439,3.777,5.649,111.772,3.007
2021-05-18,4.453,3.802,5.651,111.722,2.988
2021-05-19,4.371,3.812,5.637,111.968,3.012
2021-05-20,4.382,3.811,5.651,112.181,3.043
2021-05-21,4.47,3.816,5.596,112.5,3.012
2021-05-24,4.448,3.828,5.624,112.6,3.036
2021-05-25,4.516,3.812,5.788,112.541,3.119
2021-05-26,4.51,3.852,5.789,112.715,3.095
2021-05-27,4.485,3.829,5.808,112.471,3.118
2021-05-28,4.483,3.8,5.793,112.479,3.121
2021-05-31,4.475,3.828,5.799,112.392,3.195
2021-06-01,4.483,3.853,5.807,112.5,3.188
2021-06-02,4.462,3.793,5.764,112.658,3.133
2021-06-03,4.473,3.774,5.723,112.745,3.099
2021-06-04,4.439,3.732,5.756,112.552,3.141
2021-06-07,4.501,3.757,5.75,112.374,3.122
2021-06-08,4.517,3.778,5.708,112.366,3.105
2021-06-09,4.523,3.775,5.716,112.378,3.1
2021-06-10,4.509,3.764,5.75,112.382,3.179
2021-06-11,4.563,3.795,5.701,112.275,3.195
2021-06-15,4.633,3.73,5.642,112.087,3.155
2021-06-16,4.603,3.729,5.571,112.217,3.024
2021-06-17,4.588,3.667,5.582,112.058,3.088
2021-06-18,4.684,3.625,5.587,112.232,3.137
2021-06-21,4.641,3.628,5.58,112.358,3.166
2021-06-22,4.671,3.641,5.606,112.299,3.174
2021-06-23,4.743,3.645,5.637,112.273,3.217
2021-06-24,4.742,3.628,5.65,112.328,3.174
2021-06-25,4.756,3.624,5.731,112.443,3.243
2021-06-28,4.767,3.629,5.74,112.402,3.305
2021-06-29,4.803,3.616,5.686,112.547,3.297
2021-06-30,4.837,3.584,5.717,112.72,3.373
2021-07-01,4.827,3.629,5.715,112.811,3.34
2021-07-02,4.828,3.632,5.574,112.866,3.227
2021-07-05,4.883,3.645,5.581,112.861,3.25
2021-07-06,4.887,3.679,5.588,112.9,3.196
2021-07-07,4.919,3.676,5.641,113.03,3.305
2021-07-08,4.91,3.67,5.597,113.4,3.322
2021-07-09,4.903,3.68,5.573,113.606,3.303
2021-07-12,4.934,3.674,5.641,113.64,3.427
2021-07-13,4.94,3.689,5.657,114.132,3.411
2021-07-14,4.938,3.692,5.6,114.33,3.382
2021-07-15,4.948,3.721,5.668,113.886,3.429
2021-07-16,4.903,3.711,5.617,113.94,3.328
2021-07-19,4.874,3.679,5.639,113.895,3.35
2021-07-20,4.863,3.709,5.626,114.101,3.356
2021-07-21,4.893,3.695,5.665,114.18,3.455
2021-07-22,4.938,3.667,5.67,114.15,3.438
2021-07-23,4.975,3.684,5.618,114.203,3.367
2021-07-26,5.041,3.693,5.443,114.361,3.27
2021-07-27,5.03,3.662,5.27,114.417,3.14
2021-07-28,4.98,3.698,5.28,114.461,3.183
2021-07-29,4.996,3.708,5.367,114.364,3.358
2021-07-30,4.912,3.72,5.333,114.564,3.328
2021-08-02,4.98,3.68,5.454,114.851,3.393
2021-08-03,4.968,3.681,5.456,115.115,3.363
2021-08-04,5.001,3.689,5.5,114.942,3.446
2021-08-05,4.996,3.685,5.47,114.997,3.419
2021-08-06,5.033,3.663,5.454,115.013,3.386
2021-08-09,5.008,3.568,5.509,114.664,3.348
2021-08-10,5.031,3.552,5.566,114.55,3.366
2021-08-11,5.006,3.548,5.539,114.217,3.326
2021-08-12,4.992,3.58,5.507,114.389,3.28
2021-08-13,5.01,3.591,5.48,114.485,3.249
2021-08-16,5.022,3.621,5.477,114.479,3.206
2021-08-17,5.039,3.658,5.365,114.53,3.126
2021-08-18,5.009,3.66,5.418,114.784,3.16
2021-08-19,4.922,3.648,5.384,114.833,3.177
2021-08-20,4.968,3.659,5.294,114.805,3.1
2021-08-23,5.05,3.652,5.366,114.756,3.195
2021-08-24,5.123,3.679,5.418,114.882,3.225
2021-08-25,5.118,3.658,5.432,114.895,3.241
2021-08-26,5.111,3.645,5.347,114.504,3.164
2021-08-27,5.115,3.682,5.36,114.606,3.158
2021-08-30,5.154,3.691,5.342,114.63,3.164
2021-08-31,5.224,3.69,5.34,114.718,3.106
2021-09-01,5.2,3.69,5.41,115.004,3.094
2021-09-02,5.193,3.687,5.406,114.95,3.046
2021-09-03,5.182,3.687,5.379,115.0,3.01
2021-09-06,5.195,3.708,5.463,114.962,3.129
2021-09-07,5.2,3.696,5.526,114.9,3.147
2021-09-08,5.193,3.653,5.505,114.79,3.123
2021-09-09,5.165,3.639,5.503,114.747,3.126
2021-09-10,5.148,3.66,5.552,114.743,3.135
2021-09-13,5.122,3.642,5.525,114.592,3.095
2021-09-14,5.092,3.646,5.459,114.477,3.14
2021-09-15,5.081,3.659,5.406,114.352,3.105
2021-09-16,5.106,3.628,5.35,114.486,3.035
2021-09-17,5.135,3.592,5.389,114.639,3.097
2021-09-22,5.009,3.64,5.356,114.736,3.068
2021-09-23,5.055,3.605,5.385,114.738,3.086
2021-09-24,5.065,3.586,5.392,114.713,3.109
2021-09-27,5.096,3.59,5.424,114.781,3.13
2021-09-28,5.005,3.562,5.415,114.714,3.114
2021-09-29,4.934,3.557,5.382,114.928,3.083
2021-09-30,4.944,3.543,5.396,114.93,3.148
2021-10-08,4.937,3.587,5.467,114.702,3.138
2021-10-11,4.881,3.573,5.466,114.62,3.096
2021-10-12,4.84,3.591,5.414,114.395,3.042
2021-10-13,4.852,3.59,5.47,114.37,3.109
2021-10-14,4.917,3.636,5.443,114.432,3.112
2021-10-15,4.986,3.629,5.467,114.417,3.176
2021-10-18,4.982,3.58,5.409,114.009,3.172
2021-10-19,5.039,3.594,5.456,113.941,3.191
2021-10-20,5.048,3.584,5.442,114.044,3.185
2021-10-21,5.047,3.601,5.464,114.173,3.174
2021-10-22,5.065,3.615,5.497,114.223,3.185
2021-10-25,5.04,3.606,5.514,114.211,3.236
2021-10-26,5.103,3.621,5.497,114.316,3.221
2021-10-27,5.095,3.594,5.431,114.371,3.205
2021-10-28,5.116,3.629,5.41,114.393,3.178
2021-10-29,5.122,3.609,5.442,114.523,3.249
2021-11-01,5.208,3.594,5.426,114.672,3.224
2021-11-02,5.218,3.617,5.374,114.914,3.228
2021-11-03,5.243,3.589,5.354,115.105,3.222
2021-11-04,5.315,3.575,5.401,115.035,3.26
2021-11-05,5.38,3.624,5.384,115.109,3.248
2021-11-08,5.362,3.66,5.38,115.191,3.278
2021-11-09,5.368,3.671,5.378,115.114,3.3
2021-11-10,5.316,3.669,5.353,114.997,3.296
2021-11-11,5.272,3.721,5.433,114.794,3.324
2021-11-12,5.27,3.722,5.431,114.869,3.324
2021-11-15,5.336,3.716,5.425,115.053,3.295
2021-11-16,5.304,3.732,5.421,115.191,3.282
2021-11-17,5.347,3.72,5.42,115.066,3.317
2021-11-18,5.359,3.735,5.376,115.29,3.274
2021-11-19,5.433,3.73,5.431,115.144,3.313
2021-11-22,5.448,3.696,5.444,115.217,3.393
2021-11-23,5.359,3.632,5.447,115.224,3.38
2021-11-24,5.368,3.613,5.458,115.253,3.362
2021-11-25,5.395,3.611,5.439,115.33,3.368
2021-11-26,5.34,3.628,5.397,115.609,3.364
2021-11-29,5.322,3.614,5.39,115.553,3.389
2021-11-30,5.346,3.605,5.372,115.418,3.386
2021-12-01,5.35,3.591,5.385,115.32,3.365
2021-12-02,5.23,3.575,5.395,115.44,3.355
2021-12-03,5.226,3.566,5.44,115.394,3.37
2021-12-06,5.153,3.592,5.435,115.545,3.294
2021-12-07,5.22,3.584,5.463,115.432,3.266
2021-12-08,5.35,3.589,5.535,115.457,3.314
2021-12-09,5.329,3.575,5.619,115.316,3.353
2021-12-10,5.28,3.565,5.604,115.486,3.37
2021-12-13,5.346,3.585,5.617,115.32,3.389
2021-12-14,5.261,3.588,5.586,115.619,3.384
2021-12-15,5.217,3.552,5.54,115.547,3.355
2021-12-16,5.347,3.584,5.567,115.482,3.378
2021-12-17,5.191,3.629,5.494,115.6,3.328
2021-12-20,5.113,3.624,5.419,115.555,3.225
2021-12-21,5.18,3.599,5.44,115.554,3.247
2021-12-22,5.206,3.591,5.443,115.67,3.26
2021-12-23,5.276,3.627,5.481,115.889,3.269
2021-12-24,5.307,3.633,5.458,115.889,3.196
2021-12-27,5.331,3.63,5.462,116.071,3.19
2021-12-28,5.405,3.642,5.488,116.031,3.226
2021-12-29,5.402,3.625,5.421,116.015,3.182
2021-12-30,5.372,3.606,5.457,116.227,3.219
2021-12-31,5.364,3.643,5.469,116.195,3.218
2022-01-04,5.406,3.62,5.451,116.355,3.154
2022-01-05,5.297,3.635,5.404,116.32,3.064
2022-01-06,5.151,3.614,5.348,116.181,3.034
2022-01-07,5.188,3.592,5.36,116.203,3.003
2022-01-10,5.142,3.599,5.373,116.319,2.998
2022-01-11,5.101,3.629,5.328,116.298,2.96
2022-01-12,5.192,3.646,5.38,116.251,3.035
2022-01-13,5.192,3.654,5.299,116.381,2.99
2022-01-14,5.075,3.65,5.255,116.534,3.015
2022-01-17,5.07,3.635,5.296,116.561,3.068
2022-01-18,5.04,3.629,5.342,116.838,3.047
2022-01-19,4.93,3.625,5.316,117.145,2.985
2022-01-20,4.945,3.674,5.354,117.013,2.975
2022-01-21,4.8,3.672,5.32,117.306,2.941
2022-01-24,4.755,3.662,5.322,117.612,2.962
2022-01-25,4.65,3.671,5.216,117.59,2.881
2022-01-26,4.625,3.674,5.242,117.071,2.906
2022-01-27,4.525,3.606,5.161,116.994,2.815
2022-01-28,4.595,3.594,5.09,117.039,2.819
2022-02-07,4.78,3.62,5.162,117.037,2.83
2022-02-08,4.75,3.641,5.14,117.167,2.758
2022-02-09,4.83,3.658,5.179,117.173,2.791
2022-02-10,4.9,3.665,5.168,117.197,2.74
2022-02-11,4.76,3.645,5.132,116.761,2.66
2022-02-14,4.665,3.705,5.083,116.535,2.646
2022-02-15,4.665,3.742,5.125,116.625,2.726
2022-02-16,4.745,3.692,5.146,116.672,2.725
2022-02-17,4.71,3.726,5.156,116.751,2.744
2022-02-18,4.665,3.76,5.18,116.736,2.739
2022-02-21,4.655,3.754,5.163,116.52,2.713
2022-02-22,4.465,3.801,5.103,116.324,2.678
2022-02-23,4.54,3.772,5.151,116.524,2.754
2022-02-24,4.285,3.853,5.066,116.615,2.693
2022-02-25,4.47,3.807,5.101,116.687,2.763
2022-02-28,4.48,3.787,5.107,116.794,2.786
2022-03-01,4.595,3.786,5.145,116.522,2.795
2022-03-02,4.525,3.837,5.11,116.499,2.741
2022-03-03,4.6,3.827,5.081,116.267,2.704
2022-03-04,4.51,3.841,5.03,116.221,2.662
2022-03-07,4.405,3.926,4.882,116.384,2.543
2022-03-08,4.26,4.015,4.8,116.495,2.507
2022-03-09,4.31,4.061,4.76,116.125,2.483
2022-03-10,4.42,3.931,4.82,116.345,2.547
2022-03-11,4.395,3.937,4.848,116.618,2.583
2022-03-14,4.34,3.917,4.708,117.188,2.49
2022-03-15,4.255,3.832,4.509,116.849,2.421
2022-03-16,4.415,3.796,4.682,116.732,2.552
2022-03-17,4.55,3.845,4.766,116.65,2.624
2022-03-18,4.55,3.851,4.794,116.828,2.635
2022-03-21,4.65,3.841,4.788,116.685,2.636
2022-03-22,4.66,3.866,4.784,116.627,2.602
2022-03-23,4.775,3.835,4.809,116.667,2.629
2022-03-24,4.73,3.88,4.782,116.696,2.62
2022-03-25,4.815,3.907,4.705,116.886,2.565
2022-03-28,4.79,3.872,4.68,116.918,2.512
2022-03-29,4.89,3.849,4.662,116.96,2.511
2022-03-30,4.95,3.839,4.785,117.037,2.61
2022-03-31,4.915,3.833,4.754,116.882,2.574
2022-04-01,4.865,3.853,4.805,117.067,2.58
2022-04-06,4.835,3.836,4.793,117.174,2.55
2022-04-07,4.735,3.843,4.741,117.243,2.496
2022-04-08,4.765,3.852,4.769,117.48,2.491
2022-04-11,4.645,3.886,4.637,117.401,2.386
2022-04-12,4.555,3.908,4.707,117.463,2.44
2022-04-13,4.585,3.926,4.675,117.371,2.394
2022-04-14,4.655,3.931,4.719,117.51,2.389
2022-04-15,4.525,3.944,4.717,117.361,2.385
2022-04-18,4.5,3.967,4.697,117.177,2.412
2022-04-19,4.565,3.936,4.67,117.078,2.377
2022-04-20,4.62,3.886,4.6,116.908,2.288
2022-04-21,4.64,3.937,4.532,117.102,2.24
2022-04-22,4.555,3.951,4.542,117.082,2.225
2022-04-25,4.415,3.924,4.349,117.203,2.103
2022-04-26,4.52,3.89,4.319,117.305,2.086
2022-04-27,4.405,3.892,4.425,117.225,2.2
2022-04-28,4.465,3.89,4.451,117.078,2.158
2022-04-29,4.525,3.942,4.551,117.204,2.244
2022-05-05,4.565,3.929,4.536,117.174,2.212
2022-05-06,4.39,3.922,4.439,117.124,2.177
2022-05-09,4.33,3.939,4.407,117.251,2.162
2022-05-10,4.275,3.91,4.452,117.449,2.204
2022-05-11,4.295,3.89,4.507,117.334,2.272
2022-05-12,4.15,3.928,4.487,117.433,2.277
2022-05-13,4.22,3.888,4.518,117.475,2.285
2022-05-16,4.275,3.851,4.487,117.41,2.257
2022-05-17,4.295,3.877,4.536,117.447,2.293
2022-05-18,4.32,3.836,4.522,117.49,2.29
2022-05-19,4.14,3.85,4.531,117.472,2.306
2022-05-20,4.165,3.872,4.615,117.486,2.347
2022-05-23,4.185,3.875,4.583,117.615,2.332
2022-05-24,4.065,3.882,4.501,117.718,2.246
2022-05-25,4.09,3.887,4.518,117.855,2.253
2022-05-26,4.11,3.901,4.528,118.1,2.249
2022-05-27,4.24,3.917,4.538,118.12,2.251
2022-05-30,4.375,3.885,4.561,117.976,2.276
2022-05-31,4.34,3.877,4.625,117.783,2.334
2022-06-01,4.34,3.852,4.619,117.85,2.354
2022-06-02,4.3,3.877,4.63,117.755,2.386
2022-06-06,4.305,3.869,4.712,117.689,2.477
2022-06-07,4.27,3.854,4.718,117.696,2.478
2022-06-08,4.33,3.872,4.76,117.712,2.494
2022-06-09,4.305,3.881,4.726,117.89,2.423
2022-06-10,4.235,3.865,4.784,117.851,2.48
2022-06-13,4.02,3.926,4.732,117.927,2.469
2022-06-14,3.995,3.855,4.772,117.756,2.475
2022-06-15,4.015,3.834,4.821,117.762,2.497
2022-06-16,3.99,3.846,4.794,117.69,2.507
2022-06-17,3.955,3.874,4.857,117.73,2.584
2022-06-20,3.98,3.858,4.878,117.669,2.626
2022-06-21,4.025,3.852,4.876,117.688,2.615
2022-06-22,4.01,3.849,4.826,117.76,2.596
2022-06-23,4.075,3.854,4.901,117.738,2.68
2022-06-24,4.12,3.827,4.949,117.714,2.738
2022-06-27,4.185,3.853,4.997,117.424,2.741
2022-06-28,4.14,3.832,5.049,117.443,2.754
2022-06-29,4.03,3.821,4.994,117.417,2.683
2022-06-30,4.005,3.818,5.044,117.565,2.73
2022-07-01,3.995,3.784,5.029,117.6,2.699
2022-07-04,4.01,3.801,5.057,117.426,2.75
2022-07-05,4.07,3.797,5.047,117.426,2.739
2022-07-06,4.095,3.725,4.988,117.575,2.725
2022-07-07,4.145,3.676,5.004,117.699,2.769
2022-07-08,4.175,3.669,5.0,117.648,2.731
2022-07-11,4.14,3.669,4.924,117.772,2.69
2022-07-12,4.08,3.668,4.888,117.788,2.622
2022-07-13,4.105,3.646,4.895,117.907,2.665
2022-07-14,4.06,3.647,4.896,117.917,2.735
2022-07-15,4.105,3.622,4.831,118.069,2.68
2022-07-18,4.205,3.635,4.877,117.976,2.717
2022-07-19,4.145,3.627,4.855,117.912,2.67
2022-07-20,4.28,3.628,4.867,117.959,2.68
2022-07-21,4.305,3.599,4.822,118.094,2.67
2022-07-22,4.335,3.65,4.825,118.143,2.651
2022-07-25,4.27,3.663,4.807,118.186,2.629
2022-07-26,4.245,3.668,4.836,118.31,2.634
2022-07-27,4.245,3.659,4.812,118.377,2.637
2022-07-28,4.32,3.697,4.815,118.36,2.629
2022-07-29,4.44,3.749,4.756,118.774,2.594
2022-08-01,4.43,3.743,4.774,118.9,2.657
2022-08-02,4.43,3.773,4.703,119.035,2.605
2022-08-03,4.43,3.759,4.658,119.032,2.553
2022-08-04,4.555,3.76,4.689,119.192,2.565
2022-08-05,4.575,3.79,4.754,119.12,2.606
2022-08-08,4.56,3.769,4.74,118.992,2.596
2022-08-09,4.525,3.786,4.747,118.908,2.614
2022-08-10,4.46,3.794,4.702,119.104,2.579
2022-08-11,4.615,3.777,4.79,118.96,2.647
2022-08-12,4.57,3.795,4.791,118.873,2.613
2022-08-15,4.655,3.799,4.781,119.423,2.638
2022-08-16,4.71,3.796,4.771,119.612,2.652
2022-08-17,4.695,3.779,4.812,119.615,2.695
2022-08-18,4.63,3.761,4.775,119.793,2.693
2022-08-19,4.64,3.761,4.745,119.976,2.653
2022-08-22,4.56,3.753,4.772,119.872,2.699
2022-08-23,4.475,3.763,4.758,119.88,2.697
2022-08-24,4.49,3.787,4.681,119.884,2.6
2022-08-25,4.55,3.797,4.717,119.763,2.59
2022-08-26,4.575,3.798,4.711,119.631,2.566
2022-08-29,4.395,3.767,4.686,119.725,2.553
2022-08-30,4.415,3.783,4.677,119.88,2.538
2022-08-31,4.375,3.758,4.677,119.891,2.491
2022-09-01,4.27,3.73,4.643,119.984,2.463
2022-09-02,4.315,3.726,4.62,120.177,2.461
2022-09-05,4.28,3.765,4.618,120.1,2.467
2022-09-06,4.31,3.784,4.647,120.01,2.468
2022-09-07,4.265,3.759,4.655,120.001,2.493
2022-09-08,4.35,3.79,4.637,119.925,2.448
2022-09-09,4.365,3.785,4.695,119.954,2.476
2022-09-13,4.49,3.787,4.709,119.824,2.475
2022-09-14,4.28,3.76,4.663,119.69,2.431
2022-09-15,4.29,3.744,4.626,119.701,2.349
2022-09-16,4.205,3.728,4.536,119.475,2.297
2022-09-19,4.2,3.741,4.525,119.577,2.285
2022-09-20,4.275,3.754,4.527,119.848,2.297
2022-09-21,4.25,3.759,4.497,119.925,2.265
2022-09-22,4.17,3.753,4.468,119.91,2.252
2022-09-23,4.145,3.77,4.46,119.643,2.239
2022-09-26,4.08,3.736,4.435,119.069,2.253
2022-09-27,4.155,3.746,4.485,119.096,2.306
2022-09-28,4.1,3.751,4.429,119.127,2.249
2022-09-29,4.165,3.78,4.43,118.824,2.267
2022-09-30,4.06,3.783,4.404,118.901,2.221
2022-10-10,3.96,3.81,4.325,119.262,2.166
2022-10-11,3.96,3.802,4.322,119.346,2.192
2022-10-12,3.985,3.812,4.384,119.264,2.274
2022-10-13,3.95,3.817,4.351,119.323,2.282
2022-10-14,4.055,3.813,4.439,119.525,2.365
2022-10-17,3.965,3.792,4.438,119.541,2.362
2022-10-18,4.12,3.802,4.431,119.548,2.373
2022-10-19,4.105,3.793,4.372,119.643,2.355
2022-10-20,4.06,3.775,4.36,119.455,2.337
2022-10-21,4.05,3.771,4.338,119.576,2.321
2022-10-24,4.165,3.82,4.24,119.648,2.266
2022-10-25,4.24,3.827,4.224,119.619,2.241
2022-10-26,4.21,3.824,4.252,119.622,2.302
2022-10-27,4.185,3.817,4.226,119.87,2.265
2022-10-28,4.055,3.82,4.14,119.98,2.187
2022-10-31,4.245,3.807,4.101,120.258,2.202
2022-11-01,4.255,3.81,4.239,120.081,2.275
2022-11-02,4.19,3.817,4.273,119.791,2.305
2022-11-03,4.065,3.805,4.243,119.998,2.309
2022-11-04,4.07,3.804,4.37,119.821,2.383
2022-11-07,4.075,3.832,4.37,119.902,2.379
2022-11-08,4.08,3.839,4.347,119.968,2.363
2022-11-09,4.09,3.945,4.307,120.08,2.326
2022-11-10,4.04,3.925,4.286,120.049,2.288
2022-11-11,4.27,3.952,4.384,119.766,2.33
2022-11-14,4.24,3.913,4.386,119.129,2.302
2022-11-15,4.275,3.933,4.461,118.999,2.361
2022-11-16,4.305,3.954,4.432,118.648,2.33
2022-11-17,4.28,3.958,4.415,119.0,2.316
2022-11-18,4.265,3.952,4.402,118.966,2.315
2022-11-21,4.25,3.936,4.369,119.176,2.319
2022-11-22,4.215,3.932,4.367,119.006,2.273
2022-11-23,4.265,3.932,4.37,119.232,2.269
2022-11-24,4.315,3.947,4.352,119.53,2.264
2022-11-25,4.325,3.959,4.373,119.326,2.242
2022-11-28,4.27,3.962,4.328,119.02,2.233
2022-11-29,4.26,3.951,4.444,118.587,2.268
2022-11-30,4.21,3.944,4.447,118.737,2.265
2022-12-01,4.34,3.956,4.492,118.86,2.311
2022-12-02,4.315,3.979,4.469,118.957,2.316
2022-12-05,4.27,3.94,4.54,118.849,2.313
2022-12-06,4.22,3.898,4.563,118.589,2.319
2022-12-07,4.175,3.898,4.551,118.613,2.343
2022-12-08,4.16,3.91,4.56,118.901,2.338
2022-12-09,4.165,3.924,4.594,118.761,2.348
2022-12-12,4.125,3.921,4.552,118.781,2.333
2022-12-13,4.19,3.924,4.541,118.593,2.305
2022-12-14,4.24,3.963,4.551,118.888,2.299
2022-12-15,4.175,3.933,4.549,118.921,2.326
2022-12-16,4.08,3.915,4.553,118.937,2.298
2022-12-19,4.065,3.942,4.495,119.149,2.274
2022-12-20,4.01,3.943,4.432,119.08,2.243
2022-12-21,4.045,3.981,4.429,119.133,2.24
2022-12-22,4.055,3.981,4.437,119.137,2.235
2022-12-23,4.005,3.948,4.427,119.122,2.222
2022-12-26,4.01,3.953,4.436,119.037,2.262
2022-12-27,4.04,3.963,4.483,119.008,2.293
2022-12-28,3.995,3.966,4.47,119.032,2.267
2022-12-29,3.975,3.96,4.458,119.171,2.277
2022-12-30,3.995,3.986,4.474,119.333,2.279
2023-01-03,4.03,3.987,4.485,119.34,2.289
2023-01-04,4.02,4.002,4.49,119.439,2.267
2023-01-05,4.025,4.001,4.565,119.441,2.33
2023-01-06,3.995,3.972,4.581,119.291,2.35
2023-01-09,4.045,4.015,4.606,119.349,2.365
2023-01-10,4.025,4.013,4.612,119.256,2.401
2023-01-11,4.05,4.025,4.612,119.12,2.374
2023-01-12,4.09,4.019,4.618,119.152,2.382
2023-01-13,4.075,4.027,4.68,119.133,2.417
2023-01-16,4.075,4.05,4.743,118.913,2.462
2023-01-17,4.1,4.066,4.739,118.942,2.47
2023-01-18,4.105,4.056,4.73,118.866,2.468
2023-01-19,4.05,4.068,4.758,118.829,2.496
2023-01-20,4.075,4.101,4.781,118.969,2.507
2023-01-30,4.22,4.096,4.805,119.049,2.533
2023-01-31,4.16,4.069,4.759,119.127,2.507
2023-02-01,4.235,4.091,4.79,119.137,2.537
2023-02-02,4.31,4.125,4.78,119.201,2.524
2023-02-03,4.35,4.071,4.737,119.305,2.5
2023-02-06,4.325,4.018,4.68,119.31,2.468
2023-02-07,4.33,4.01,4.69,119.285,2.461
2023-02-08,4.41,4.01,4.673,119.228,2.447
2023-02-09,4.365,4.019,4.727,119.241,2.493
2023-02-10,4.3,3.993,4.703,119.328,2.465
2023-02-13,4.295,4.018,4.735,119.355,2.495
2023-02-14,4.355,4.015,4.744,119.375,2.49
2023-02-15,4.365,4.002,4.716,119.33,2.468
2023-02-16,4.45,4.001,4.687,119.341,2.436
2023-02-17,4.325,3.992,4.629,119.377,2.378
2023-02-20,4.34,4.01,4.734,119.349,2.403
2023-02-21,4.33,4.005,4.739,119.329,2.395
2023-02-22,4.25,4.017,4.699,119.353,2.377
2023-02-23,4.285,4.008,4.699,119.36,2.385
2023-02-24,4.3,4.021,4.66,119.344,2.357
2023-02-27,4.26,4.01,4.645,119.32,2.34
2023-02-28,4.275,4.015,4.671,119.303,2.359
2023-03-01,4.26,4.029,4.72,119.324,2.372
2023-03-02,4.2,4.026,4.715,119.295,2.347
2023-03-03,4.245,4.044,4.724,119.277,2.352
2023-03-06,4.355,4.071,4.699,119.436,2.361
2023-03-07,4.36,4.076,4.642,119.573,2.312
2023-03-08,4.32,4.033,4.626,119.698,2.308
2023-03-09,4.34,4.033,4.616,119.696,2.303
2023-03-10,4.24,4.061,4.561,119.74,2.3
2023-03-13,4.27,4.089,4.605,119.78,2.287
2023-03-14,4.205,4.142,4.58,119.819,2.276
2023-03-15,4.295,4.139,4.579,119.769,2.268
2023-03-16,4.315,4.174,4.533,119.886,2.233
2023-03-17,4.42,4.198,4.554,119.962,2.228
2023-03-20,4.365,4.327,4.532,119.999,2.226
2023-03-21,4.41,4.286,4.575,119.827,2.265
2023-03-22,4.475,4.223,4.593,119.877,2.27
2023-03-23,4.42,4.253,4.631,119.853,2.288
2023-03-24,4.455,4.275,4.626,119.815,2.297
2023-03-27,4.495,4.246,4.605,119.853,2.323
2023-03-28,4.465,4.225,4.597,119.845,2.298
2023-03-29,4.465,4.24,4.597,119.92,2.297
2023-03-30,4.515,4.248,4.64,119.798,2.313
2023-03-31,4.54,4.281,4.65,119.852,2.327
2023-04-03,4.6,4.221,4.68,119.874,2.366
2023-04-04,4.61,4.269,4.7,119.917,2.35
2023-04-06,4.53,4.33,4.688,119.938,2.354
2023-04-07,4.57,4.328,4.717,120.02,2.369
2023-04-10,4.55,4.287,4.702,120.09,2.368
2023-04-11,4.575,4.311,4.692,120.099,2.362
2023-04-12,4.54,4.341,4.688,120.224,2.353
2023-04-13,4.51,4.346,4.663,120.254,2.332
2023-04-14,4.55,4.366,4.684,120.194,2.355
2023-04-17,4.57,4.324,4.745,120.186,2.364
2023-04-18,4.57,4.305,4.752,120.214,2.354
2023-04-19,4.56,4.297,4.719,120.33,2.339
2023-04-20,4.56,4.308,4.703,120.239,2.314
2023-04-21,4.54,4.288,4.63,120.407,2.269
2023-04-24,4.53,4.277,4.579,120.51,2.234
2023-04-25,4.53,4.316,4.56,120.525,2.193
2023-04-26,4.52,4.323,4.551,120.573,2.226
2023-04-27,4.525,4.333,4.586,120.664,2.24
2023-04-28,4.615,4.298,4.625,120.749,2.255
2023-05-04,4.59,4.395,4.625,120.964,2.23
2023-05-05,4.58,4.415,4.609,121.165,2.202
2023-05-08,4.65,4.368,4.654,121.035,2.213
2023-05-09,4.65,4.377,4.619,121.149,2.18
2023-05-10,4.65,4.398,4.588,121.311,2.199
2023-05-11,4.71,4.394,4.583,121.487,2.211
2023-05-12,4.73,4.365,4.532,121.365,2.185
2023-05-15,4.72,4.382,4.595,121.36,2.234
2023-05-16,4.735,4.369,4.578,121.316,2.228
2023-05-17,4.765,4.353,4.551,121.305,2.229
2023-05-18,4.84,4.345,4.55,121.296,2.215
2023-05-19,4.95,4.33,4.544,121.427,2.215
2023-05-22,4.92,4.347,4.564,121.453,2.214
2023-05-23,4.96,4.33,4.507,121.708,2.187
2023-05-24,4.885,4.352,4.454,121.667,2.183
2023-05-25,4.965,4.335,4.445,121.564,2.184
2023-05-26,4.98,4.31,4.45,121.352,2.167
2023-05-29,5.16,4.314,4.434,121.459,2.143
2023-05-30,5.175,4.3,4.438,121.465,2.155
2023-05-31,5.155,4.365,4.402,121.504,2.131
2023-06-01,5.15,4.362,4.41,121.654,2.148
2023-06-02,5.215,4.375,4.463,121.579,2.175
2023-06-05,5.24,4.324,4.445,121.626,2.143
2023-06-06,5.245,4.357,4.408,121.76,2.106
2023-06-07,5.26,4.363,4.396,121.869,2.075
2023-06-08,5.15,4.338,4.428,121.844,2.071
2023-06-09,5.235,4.375,4.444,121.977,2.086
2023-06-12,5.295,4.378,4.448,122.058,2.095
2023-06-13,5.425,4.388,4.477,122.279,2.111
2023-06-14,5.43,4.363,4.477,122.598,2.106
2023-06-15,5.455,4.329,4.542,122.245,2.179
2023-06-16,5.5,4.359,4.579,121.794,2.208
2023-06-19,5.48,4.366,4.549,121.888,2.207
2023-06-20,5.475,4.374,4.542,121.866,2.21
2023-06-21,5.5,4.356,4.487,122.01,2.156
2023-06-26,5.455,4.354,4.443,122.169,2.133
2023-06-27,5.38,4.35,4.469,121.972,2.138
2023-06-28,5.45,4.335,4.477,121.989,2.126
2023-06-29,5.495,4.343,4.459,122.031,2.129
2023-06-30,5.5,4.349,4.482,122.262,2.164
2023-07-03,5.59,4.358,4.527,122.203,2.171
2023-07-04,5.56,4.364,4.534,122.217,2.174
2023-07-05,5.55,4.367,4.507,122.233,2.156
2023-07-06,5.555,4.365,4.479,122.276,2.137
2023-07-07,5.53,4.359,4.468,122.309,2.118
2023-07-10,5.475,4.37,4.484,122.331,2.145
2023-07-11,5.505,4.374,4.51,122.426,2.161
2023-07-12,5.51,4.371,4.491,122.447,2.139
2023-07-13,5.59,4.408,4.554,122.395,2.182
2023-07-14,5.63,4.388,4.552,122.346,2.169
2023-07-17,5.66,4.406,4.524,122.463,2.152
2023-07-18,5.71,4.422,4.518,122.638,2.147
2023-07-19,5.815,4.473,4.516,122.614,2.125
2023-07-20,5.735,4.47,4.488,122.623,2.103
2023-07-21,5.64,4.453,4.49,122.771,2.11
2023-07-24,5.66,4.442,4.473,122.854,2.09
2023-07-25,5.64,4.42,4.585,122.392,2.136
2023-07-26,5.655,4.439,4.576,122.51,2.135
2023-07-27,5.705,4.448,4.572,122.644,2.129
2023-07-28,5.67,4.404,4.668,122.603,2.163
2023-07-31,5.745,4.409,4.684,122.454,2.182
2023-08-01,5.765,4.426,4.666,122.545,2.168
2023-08-02,5.685,4.425,4.637,122.651,2.164
2023-08-03,5.59,4.406,4.673,122.714,2.187
2023-08-04,5.64,4.401,4.694,122.715,2.204
2023-08-07,5.59,4.41,4.663,122.758,2.185
2023-08-08,5.6,4.414,4.648,122.795,2.177
2023-08-09,5.595,4.411,4.64,122.835,2.174
2023-08-10,5.545,4.396,4.645,122.819,2.184
2023-08-11,5.55,4.415,4.55,122.836,2.129
2023-08-14,5.515,4.421,4.523,122.949,2.113
2023-08-15,5.62,4.431,4.519,123.279,2.096
2023-08-16,5.56,4.433,4.489,123.475,2.082
2023-08-17,5.52,4.429,4.502,123.465,2.094
2023-08-18,5.415,4.421,4.452,123.54,2.065
2023-08-21,5.43,4.438,4.4,123.819,2.035
2023-08-22,5.52,4.431,4.423,123.675,2.038
2023-08-23,5.52,4.452,4.368,123.663,1.987
2023-08-24,5.67,4.464,4.391,123.636,2.014
2023-08-25,5.455,4.448,4.384,123.579,1.991
2023-08-28,5.525,4.45,4.437,123.491,2.01
2023-08-29,5.555,4.462,4.459,123.271,2.067
2023-08-30,5.675,4.477,4.458,123.342,2.066
2023-08-31,5.7,4.494,4.439,123.427,2.052
2023-09-01,5.695,4.489,4.462,123.304,2.049
2023-09-04,5.71,4.506,4.52,122.942,2.067
2023-09-05,5.705,4.508,4.493,123.012,2.057
2023-09-06,5.715,4.505,4.483,122.869,2.049
2023-09-07,5.67,4.504,4.43,122.76,2.003
2023-09-08,5.705,4.536,4.409,122.848,1.998
2023-09-11,5.67,4.545,4.437,122.835,2.011
2023-09-12,5.705,4.546,4.432,122.866,1.998
2023-09-13,5.64,4.557,4.407,122.98,1.974
2023-09-14,5.68,4.592,4.404,123.109,1.96
2023-09-15,5.71,4.548,4.387,122.971,1.954
2023-09-18,5.62,4.524,4.4,122.79,1.968
2023-09-19,5.615,4.559,4.395,122.796,1.952
2023-09-20,5.62,4.594,4.377,122.766,1.936
2023-09-21,5.515,4.58,4.342,122.798,1.917
2023-09-22,5.46,4.561,4.417,122.635,1.964
2023-09-25,5.47,4.581,4.389,122.48,1.953
2023-09-26,5.425,4.578,4.368,122.389,1.938
2023-09-27,5.405,4.511,4.378,122.376,1.956
2023-09-28,5.4,4.436,4.364,122.689,1.953
2023-10-09,5.48,4.405,4.354,122.72,1.947
2023-10-10,5.555,4.348,4.327,122.738,1.938
2023-10-11,5.59,4.355,4.335,122.525,1.954
2023-10-12,5.64,4.39,4.371,122.552,1.968
2023-10-13,5.61,4.405,4.336,122.703,1.945
2023-10-16,5.555,4.46,4.293,122.803,1.906
2023-10-17,5.595,4.48,4.305,122.731,1.912
2023-10-18,5.57,4.523,4.277,122.704,1.887
2023-10-19,5.5,4.547,4.2,122.519,1.867
2023-10-20,5.43,4.597,4.182,122.701,1.85
2023-10-23,5.395,4.572,4.144,122.831,1.815
2023-10-24,5.43,4.575,4.149,122.681,1.832
2023-10-25,5.41,4.557,4.169,122.799,1.815
2023-10-26,5.245,4.59,4.182,122.831,1.829
2023-10-27,5.265,4.599,4.236,122.841,1.881
2023-10-30,5.275,4.609,4.252,122.89,1.926
2023-10-31,5.27,4.62,4.244,123.05,1.916
2023-11-01,5.345,4.603,4.242,123.176,1.908
2023-11-02,5.455,4.613,4.225,123.297,1.89
2023-11-03,5.495,4.61,4.253,123.285,1.918
2023-11-06,5.555,4.587,4.301,123.272,1.981
2023-11-07,5.55,4.569,4.29,123.336,1.967
2023-11-08,5.6,4.551,4.279,123.344,1.971
2023-11-09,5.635,4.521,4.282,123.351,1.967
2023-11-10,5.58,4.554,4.255,123.368,1.955
2023-11-13,5.7,4.538,4.25,123.423,1.958
2023-11-14,5.72,4.558,4.25,123.352,1.953
2023-11-15,5.82,4.577,4.275,123.316,1.963
2023-11-16,5.795,4.559,4.239,123.414,1.925
2023-11-17,5.805,4.572,4.234,123.464,1.934
2023-11-20,5.725,4.522,4.245,123.461,1.942
2023-11-21,5.79,4.516,4.25,123.488,1.931
2023-11-22,5.75,4.499,4.211,123.421,1.899
2023-11-23,5.78,4.495,4.23,123.254,1.911
2023-11-24,5.785,4.499,4.205,123.272,1.888
2023-11-27,5.755,4.546,4.181,123.234,1.878
2023-11-28,5.77,4.56,4.185,123.325,1.89
2023-11-29,5.77,4.591,4.158,123.288,1.867
2023-11-30,5.765,4.589,4.162,123.332,1.874
2023-12-01,5.74,4.589,4.148,123.442,1.881
2023-12-04,5.75,4.643,4.124,123.375,1.858
2023-12-05,5.685,4.58,4.058,123.38,1.823
2023-12-06,5.765,4.578,4.063,123.335,1.834
2023-12-07,5.7,4.584,4.054,123.381,1.829
2023-12-08,5.785,4.591,4.061,123.429,1.843
2023-12-11,5.82,4.557,4.085,123.657,1.868
2023-12-12,5.89,4.539,4.093,123.598,1.856
2023-12-13,5.955,4.529,4.035,123.75,1.822
2023-12-14,6.02,4.598,4.019,123.741,1.812
2023-12-15,5.965,4.59,4.012,123.82,1.802
2023-12-18,6.01,4.576,3.998,123.905,1.773
2023-12-19,6.045,4.589,4.0,123.917,1.781
2023-12-20,6.08,4.604,3.969,123.871,1.755
2023-12-21,6.0,4.605,4.0,123.926,1.787
2023-12-22,6.03,4.627,4.006,124.018,1.78
2023-12-25,6.035,4.634,4.015,124.12,1.783
2023-12-26,6.075,4.647,3.995,124.178,1.761
2023-12-27,6.095,4.66,4.005,124.276,1.763
2023-12-28,6.08,4.662,4.089,124.276,1.833
2023-12-29,6.065,4.648,4.099,124.502,1.842
2024-01-02,6.05,4.666,4.053,124.73,1.806
2024-01-03,5.955,4.663,4.043,124.411,1.787
2024-01-04,5.925,4.651,4.013,124.659,1.754
2024-01-05,5.88,4.664,3.996,125.017,1.728
2024-01-08,5.895,4.65,3.949,124.83,1.699
2024-01-09,6.045,4.649,3.957,124.982,1.706
2024-01-10,6.045,4.631,3.941,124.941,1.698
2024-01-11,6.115,4.631,3.96,124.862,1.732
2024-01-12,6.095,4.646,3.949,124.729,1.714
2024-01-15,6.135,4.673,3.945,124.748,1.698
2024-01-16,6.075,4.677,3.967,124.711,1.708
2024-01-17,6.07,4.631,3.892,124.858,1.656
2024-01-18,6.085,4.616,3.937,124.95,1.683
2024-01-19,6.21,4.643,3.944,125.016,1.669
2024-01-22,6.4,4.625,3.875,125.127,1.623
2024-01-23,6.355,4.632,3.897,125.066,1.642
2024-01-24,6.39,4.626,3.948,125.079,1.65
2024-01-25,6.355,4.605,4.004,125.089,1.675
2024-01-26,6.305,4.625,3.998,125.18,1.637
2024-01-29,6.36,4.634,3.968,125.25,1.58
2024-01-30,6.46,4.647,3.912,125.599,1.544
2024-01-31,6.32,4.653,3.891,125.804,1.533
2024-02-01,6.26,4.668,3.887,125.817,1.548
2024-02-02,6.415,4.679,3.857,125.79,1.508
2024-02-05,6.445,4.643,3.877,125.985,1.527
2024-02-06,6.455,4.633,3.98,125.657,1.623
2024-02-07,6.395,4.642,4.009,125.727,1.66
2024-02-08,6.54,4.662,4.031,125.9,1.681
2024-02-19,6.505,4.644,4.058,125.923,1.697
2024-02-20,6.495,4.642,4.07,126.009,1.696
2024-02-21,6.41,4.642,4.118,126.094,1.703
2024-02-22,6.52,4.639,4.144,126.071,1.71
2024-02-23,6.605,4.63,4.147,126.252,1.709
2024-02-26,6.54,4.651,4.112,126.353,1.704
2024-02-27,6.53,4.646,4.153,126.54,1.746
2024-02-28,6.545,4.645,4.117,126.702,1.701
2024-02-29,6.5,4.647,4.172,126.904,1.761
2024-03-01,6.605,4.667,4.199,126.438,1.775
2024-03-04,6.695,4.725,4.196,126.596,1.783
2024-03-05,6.645,4.789,4.225,126.623,1.78
2024-03-06,6.62,4.824,4.211,127.027,1.782
2024-03-07,6.575,4.885,4.192,127.161,1.742
2024-03-08,6.685,4.881,4.202,127.132,1.756
2024-03-11,6.585,4.899,4.25,127.005,1.84
2024-03-12,6.61,4.879,4.255,126.52,1.851
2024-03-13,6.65,4.87,4.234,126.47,1.841
2024-03-14,6.62,4.877,4.221,126.428,1.832
2024-03-15,6.58,4.899,4.23,126.574,1.833
2024-03-18,6.58,4.86,4.261,126.681,1.875
2024-03-19,6.545,4.87,4.238,126.965,1.853
2024-03-20,6.57,4.88,4.241,126.826,1.856
2024-03-21,6.685,4.978,4.239,126.826,1.846
2024-03-22,6.69,4.946,4.208,126.82,1.817
2024-03-25,6.67,4.956,4.189,126.645,1.781
2024-03-26,6.705,4.966,4.2,126.664,1.792
2024-03-27,6.71,4.99,4.162,126.75,1.742
2024-03-28,6.695,5.029,4.179,126.773,1.758
2024-03-29,6.685,5.126,4.195,126.914,1.768
2024-04-01,6.72,5.155,4.253,126.762,1.822
2024-04-02,6.7,5.159,4.241,126.816,1.808
2024-04-03,6.635,5.231,4.227,127.083,1.79
2024-04-08,6.63,5.354,4.198,127.135,1.758
2024-04-09,6.64,5.369,4.192,127.275,1.777
2024-04-10,6.665,5.388,4.166,127.178,1.739
2024-04-11,6.605,5.348,4.163,127.159,1.731
2024-04-12,6.705,5.504,4.135,127.394,1.713
2024-04-15,6.645,5.417,4.208,127.51,1.746
2024-04-16,6.465,5.452,4.176,127.521,1.713
2024-04-17,6.46,5.461,4.222,127.566,1.747
2024-04-18,6.445,5.445,4.228,127.785,1.738
2024-04-19,6.32,5.471,4.2,127.814,1.705
2024-04-22,6.28,5.364,4.193,127.902,1.703
2024-04-23,6.295,5.232,4.168,128.199,1.705
2024-04-24,6.445,5.287,4.182,127.627,1.719
2024-04-25,6.34,5.288,4.192,127.689,1.716
2024-04-26,6.45,5.329,4.242,127.393,1.774
2024-04-29,6.49,5.294,4.285,126.777,1.837
2024-04-30,6.495,5.286,4.267,127.244,1.816
2024-05-06,6.51,5.254,4.317,127.336,1.853
2024-05-07,6.575,5.268,4.319,127.655,1.85
2024-05-08,6.585,5.261,4.29,127.781,1.821
2024-05-09,6.57,5.25,4.325,127.6,1.856
2024-05-10,6.605,5.369,4.327,127.425,1.84
2024-05-13,6.63,5.337,4.324,127.69,1.817
2024-05-14,6.63,5.329,4.318,127.753,1.813
2024-05-15,6.675,5.37,4.292,127.664,1.797
2024-05-16,6.79,5.417,4.304,127.58,1.801
2024-05-17,6.775,5.416,4.345,127.41,1.824
2024-05-20,6.785,5.55,4.353,127.633,1.831
2024-05-21,6.82,5.481,4.341,127.551,1.818
2024-05-22,6.845,5.492,4.349,127.647,1.839
2024-05-23,6.905,5.366,4.312,127.791,1.811
2024-05-24,6.79,5.319,4.271,127.736,1.781
2024-05-27,6.87,5.338,4.301,127.714,1.792
2024-05-28,6.9,5.334,4.278,127.878,1.769
2024-05-29,6.87,5.37,4.279,127.984,1.772
2024-05-30,6.795,5.317,4.265,127.991,1.777
2024-05-31,6.765,5.343,4.251,127.798,1.772
2024-06-03,6.795,5.296,4.256,127.879,1.782
2024-06-04,6.775,5.346,4.281,127.888,1.806
2024-06-05,6.83,5.324,4.268,128.029,1.796
2024-06-06,6.965,5.398,4.268,128.066,1.785
2024-06-07,6.97,5.399,4.245,128.168,1.748
2024-06-11,6.975,5.237,4.22,128.186,1.752
2024-06-12,7.04,5.267,4.216,128.138,1.743
2024-06-13,7.18,5.269,4.203,128.234,1.742
2024-06-14,7.175,5.271,4.223,128.301,1.756
2024-06-17,7.205,5.279,4.213,128.372,1.768
2024-06-18,7.3,5.284,4.224,128.489,1.776
2024-06-19,7.31,5.305,4.214,128.512,1.753
2024-06-20,7.36,5.351,4.191,128.61,1.728
2024-06-21,7.25,5.376,4.185,128.509,1.723
2024-06-24,7.22,5.29,4.168,128.624,1.696
2024-06-25,7.145,5.302,4.147,128.764,1.666
2024-06-26,7.28,5.271,4.168,128.819,1.699
2024-06-27,7.275,5.242,4.149,128.984,1.67
2024-06-28,7.375,5.297,4.156,129.13,1.652
2024-07-01,7.365,5.299,4.17,128.72,1.65
2024-07-02,7.37,5.306,4.165,128.925,1.633
2024-07-03,7.505,5.34,4.159,129.036,1.629
2024-07-04,7.55,5.365,4.144,129.09,1.616
2024-07-05,7.645,5.381,4.127,128.85,1.623
2024-07-08,7.76,5.384,4.103,128.474,1.596
2024-07-09,7.84,5.362,4.14,128.792,1.62
2024-07-10,7.74,5.397,4.132,128.787,1.618
2024-07-11,7.775,5.417,4.178,128.872,1.654
2024-07-12,7.46,5.446,4.188,129.033,1.653
2024-07-15,7.695,5.442,4.195,129.14,1.64
2024-07-16,7.68,5.505,4.22,129.113,1.664
2024-07-17,7.61,5.576,4.225,129.255,1.663
2024-07-18,7.475,5.573,4.246,129.179,1.686
2024-07-19,7.355,5.425,4.269,129.209,1.692
2024-07-22,7.315,5.421,4.24,129.472,1.693
2024-07-23,7.385,5.394,4.17,129.706,1.64
2024-07-24,7.24,5.465,4.148,129.819,1.619
2024-07-25,7.035,5.327,4.128,129.836,1.614
2024-07-26,7.045,5.35,4.143,130.043,1.627
2024-07-29,7.185,5.387,4.123,130.139,1.604
2024-07-30,7.1,5.394,4.1,130.203,1.601
2024-07-31,7.145,5.436,4.177,130.356,1.658
2024-08-01,7.315,5.48,4.152,130.568,1.636
2024-08-02,6.98,5.505,4.116,130.585,1.609
2024-08-05,6.435,5.366,4.077,130.949,1.576
2024-08-06,6.66,5.327,4.077,130.514,1.597
2024-08-07,6.67,5.352,4.07,130.853,1.589
2024-08-08,6.57,5.349,4.074,130.425,1.582
2024-08-09,6.75,5.396,4.062,130.161,1.566
2024-08-12,6.825,5.437,4.058,129.312,1.563
2024-08-13,6.895,5.474,4.063,129.705,1.578
2024-08-14,7.065,5.456,4.039,130.129,1.555
2024-08-15,7.11,5.443,4.077,129.971,1.565
2024-08-16,7.345,5.453,4.079,130.088,1.561
2024-08-19,7.21,5.513,4.088,130.285,1.559
2024-08-20,7.34,5.513,4.072,130.232,1.539
2024-08-21,7.345,5.537,4.057,130.091,1.529
2024-08-22,7.355,5.523,4.048,130.356,1.516
2024-08-23,7.285,5.504,4.062,130.412,1.517
2024-08-26,7.3,5.538,4.063,130.421,1.515
2024-08-27,7.21,5.534,4.046,130.157,1.5
2024-08-28,7.21,5.528,4.026,130.313,1.501
2024-08-29,7.035,5.535,4.016,130.158,1.513
2024-08-30,7.085,5.522,4.061,130.142,1.552
2024-09-02,7.145,5.491,4.001,130.382,1.507
2024-09-03,7.155,5.501,4.013,130.547,1.525
2024-09-04,6.78,5.463,3.992,130.627,1.525
2024-09-05,6.8,5.502,3.999,130.77,1.536
2024-09-06,6.86,5.517,3.971,130.772,1.508
2024-09-09,6.82,5.477,3.93,130.872,1.513
2024-09-10,6.84,5.513,3.93,131.022,1.512
2024-09-11,6.885,5.542,3.923,131.199,1.528
2024-09-12,7.105,5.531,3.912,131.093,1.525
2024-09-13,7.175,5.611,3.897,131.347,1.509
2024-09-18,7.12,5.609,3.907,131.562,1.504
2024-09-19,7.2,5.6,3.934,131.484,1.519
2024-09-20,7.215,5.663,3.943,131.693,1.508
2024-09-23,7.245,5.711,3.952,131.758,1.501
2024-09-24,7.205,5.697,4.096,131.289,1.587
2024-09-25,7.15,5.74,4.143,131.706,1.61
2024-09-26,7.225,5.751,4.309,131.346,1.686
2024-09-27,7.07,5.708,4.538,130.263,1.86
2024-09-30,7.045,5.707,4.902,129.767,2.232
2024-10-08,7.015,5.714,5.081,129.941,2.678
2024-10-09,7.135,5.64,4.691,130.197,2.242
2024-10-10,7.215,5.676,4.755,130.765,2.174
2024-10-11,7.225,5.739,4.646,130.674,2.06
2024-10-14,7.23,5.799,4.709,130.684,2.116
2024-10-15,7.38,5.799,4.6,130.86,2.045
2024-10-16,7.295,5.884,4.575,130.857,2.0
2024-10-17,7.34,5.905,4.532,131.06,1.995
2024-10-18,7.295,5.945,4.685,131.001,2.156
2024-10-21,7.305,6.02,4.685,131.012,2.167
2024-10-22,7.295,6.018,4.709,130.929,2.175
2024-10-23,7.325,6.056,4.724,130.683,2.162
2024-10-24,7.245,5.995,4.68,130.64,2.132
2024-10-25,7.275,5.998,4.709,130.561,2.196
2024-10-28,7.365,6.017,4.715,130.506,2.188
2024-10-29,7.35,6.068,4.682,130.695,2.135
2024-10-30,7.42,6.14,4.64,130.686,2.111
2024-10-31,7.295,6.103,4.64,130.716,2.122
2024-11-01,7.21,6.051,4.648,130.919,2.084
2024-11-04,7.215,6.006,4.701,130.938,2.145
2024-11-05,7.19,6.006,4.806,130.994,2.249
2024-11-06,7.445,5.994,4.78,131.078,2.223
2024-11-07,7.56,5.86,4.917,131.106,2.306
2024-11-08,7.625,5.898,4.863,131.284,2.282
2024-11-11,7.67,5.905,4.884,131.324,2.349
2024-11-12,7.68,5.807,4.838,131.6,2.345
2024-11-13,7.635,5.796,4.864,131.588,2.372
2024-11-14,7.645,5.68,4.793,131.562,2.288
2024-11-15,7.55,5.683,4.724,131.625,2.204
2024-11-18,7.495,5.758,4.707,131.41,2.149
2024-11-19,7.52,5.858,4.727,131.467,2.215
2024-11-20,7.605,5.857,4.737,131.532,2.223
2024-11-21,7.55,5.933,4.742,131.683,2.223
2024-11-22,7.605,6.01,4.622,131.762,2.136
2024-11-25,7.68,5.916,4.6,131.926,2.132
2024-11-26,7.68,5.844,4.592,132.1,2.109
2024-11-27,7.7,5.899,4.656,131.975,2.165
2024-11-28,7.655,5.869,4.627,132.164,2.128
2024-11-29,7.66,5.923,4.67,132.309,2.179
2024-12-02,7.7,5.872,4.7,132.605,2.211
2024-12-03,7.84,5.931,4.704,132.716,2.198
2024-12-04,7.875,5.929,4.683,133.003,2.17
2024-12-05,7.945,5.927,4.676,133.131,2.177
2024-12-06,7.92,5.903,4.726,132.972,2.224
2024-12-09,8.05,5.936,4.723,133.138,2.206
2024-12-10,7.985,5.961,4.754,133.907,2.221
2024-12-11,7.965,6.011,4.744,134.128,2.218
2024-12-12,8.085,6.052,4.786,134.403,2.248
2024-12-13,8.145,6.001,4.689,134.877,2.193
2024-12-16,8.245,5.947,4.665,135.395,2.158
2024-12-17,8.315,5.94,4.676,135.107,2.159
2024-12-18,8.37,5.932,4.693,134.821,2.158
2024-12-19,8.15,5.885,4.699,134.687,2.171
2024-12-20,7.985,5.892,4.687,135.32,2.169
2024-12-23,8.26,5.951,4.691,135.499,2.147
2024-12-24,8.24,5.921,4.738,135.223,2.17
2024-12-25,8.335,5.936,4.741,135.073,2.156
2024-12-26,8.37,5.94,4.742,135.031,2.166
2024-12-27,8.31,5.945,4.736,135.506,2.163
2024-12-30,8.195,5.923,4.755,135.303,2.165
2024-12-31,8.145,5.928,4.691,135.554,2.102
2025-01-02,8.215,5.977,4.578,136.248,2.019
2025-01-03,8.165,6.029,4.538,136.569,1.978
2025-01-06,8.345,5.99,4.522,136.654,1.976
2025-01-07,8.295,6.0,4.549,136.477,1.99
2025-01-08,8.21,6.03,4.543,136.463,1.968
2025-01-09,8.18,6.065,4.535,136.28,1.971
2025-01-10,8.15,6.105,4.492,136.129,1.938
2025-01-13,7.96,6.12,4.477,136.057,1.942
2025-01-14,8.055,6.068,4.575,136.196,2.036
2025-01-15,8.005,6.102,4.552,136.443,1.999
2025-01-16,8.185,6.122,4.554,136.274,2.01
2025-01-17,8.15,6.139,4.567,136.186,2.026
2025-01-20,8.23,6.127,4.586,136.044,2.062
2025-01-21,8.235,6.127,4.591,136.159,2.07
2025-01-22,8.285,6.181,4.555,136.219,2.059
2025-01-23,8.215,6.187,4.566,136.151,2.052
2025-01-24,8.22,6.218,4.598,136.005,2.084
2025-01-27,8.075,6.202,4.576,136.514,2.028
2025-02-05,8.06,6.439,4.556,136.578,2.024
2025-02-06,8.135,6.402,4.601,136.659,2.08
2025-02-07,8.115,6.42,4.657,136.605,2.131
2025-02-10,8.03,6.518,4.661,136.474,2.142
2025-02-11,8.035,6.584,4.645,136.512,2.113
2025-02-12,8.045,6.538,4.683,136.51,2.15
2025-02-13,8.09,6.57,4.673,136.476,2.135
2025-02-14,8.145,6.605,4.703,136.262,2.174
2025-02-17,8.15,6.494,4.71,135.889,2.182
2025-02-18,8.215,6.555,4.681,135.761,2.14
2025-02-19,8.18,6.598,4.702,135.899,2.185
2025-02-20,8.11,6.619,4.69,135.764,2.184
2025-02-21,8.055,6.568,4.744,135.487,2.239
2025-02-24,7.95,6.581,4.731,134.89,2.221
2025-02-25,7.825,6.582,4.69,134.997,2.197
2025-02-26,7.805,6.519,4.723,135.346,2.223
2025-02-27,7.855,6.492,4.736,135.108,2.212
2025-02-28,7.555,6.444,4.663,135.315,2.128
2025-03-03,7.71,6.451,4.65,135.492,2.154
2025-03-04,7.575,6.499,4.646,135.445,2.149
2025-03-05,7.665,6.547,4.663,135.468,2.149
2025-03-06,7.67,6.535,4.718,135.129,2.191
2025-03-07,7.5,6.526,4.708,134.75,2.16
2025-03-10,7.48,6.544,4.692,134.455,2.159
2025-03-11,7.14,6.505,4.704,133.937,2.159
2025-03-12,7.16,6.526,4.694,134.446,2.149
2025-03-13,7.12,6.575,4.674,134.308,2.125
2025-03-14,7.19,6.673,4.775,134.101,2.186
2025-03-17,7.215,6.677,4.763,133.699,2.173
2025-03-18,7.275,6.727,4.772,133.682,2.185
2025-03-19,7.215,6.8,4.778,133.797,2.178
2025-03-20,7.375,6.807,4.745,134.351,2.158
2025-03-21,7.34,6.774,4.679,134.349,2.112
2025-03-24,7.49,6.78,4.696,134.202,2.112
2025-03-25,7.565,6.774,4.698,134.522,2.105
2025-03-26,7.54,6.795,4.682,134.632,2.098
2025-03-27,7.41,6.812,4.696,134.686,2.103
2025-03-28,7.375,6.938,4.677,134.507,2.089
2025-03-31,7.055,7.012,4.653,134.489,2.064
2025-04-01,7.18,7.056,4.651,134.509,2.062
2025-04-02,7.21,7.029,4.648,134.702,2.064
2025-04-03,7.065,7.094,4.628,135.518,2.027
2025-04-07,6.36,6.877,4.364,136.398,1.775
2025-04-08,6.595,6.925,4.399,135.993,1.804
2025-04-09,6.5,7.012,4.435,136.092,1.823
2025-04-10,7.145,7.164,4.498,136.107,1.863
2025-04-11,7.065,7.273,4.509,136.084,1.892
2025-04-14,7.16,7.327,4.517,136.084,1.895
2025-04-15,7.08,7.325,4.52,136.177,1.893
2025-04-16,6.945,7.503,4.529,136.359,1.87
2025-04-17,6.95,7.565,4.532,136.325,1.873
2025-04-18,6.905,7.583,4.542,136.248,1.878
2025-04-21,6.845,7.724,4.544,136.107,1.908
2025-04-22,6.855,7.982,4.547,136.239,1.899
2025-04-23,7.075,7.5,4.551,136.1,1.919
2025-04-24,6.99,7.582,4.551,136.018,1.907
2025-04-25,7.22,7.53,4.551,136.096,1.92
2025-04-28,7.24,7.465,4.545,136.186,1.906
2025-04-29,7.23,7.517,4.538,136.502,1.903
2025-04-30,7.23,7.471,4.535,136.546,1.921
2025-05-06,7.285,7.612,4.572,136.5,1.958
2025-05-07,7.31,7.671,4.596,136.386,1.967
2025-05-08,7.425,7.557,4.619,136.494,2.001
2025-05-09,7.43,7.531,4.614,136.592,1.984
2025-05-12,7.58,7.376,4.659,136.454,2.037
2025-05-13,7.61,7.332,4.663,136.284,2.03
2025-05-14,7.83,7.277,4.714,136.175,2.054
2025-05-15,7.795,7.062,4.68,136.149,2.012
2025-05-16,7.805,7.177,4.658,136.048,2.008
2025-05-19,7.735,7.222,4.652,136.124,2.002
2025-05-20,7.82,7.209,4.672,136.205,2.018
2025-05-21,7.745,7.439,4.688,136.249,2.034
2025-05-22,7.695,7.45,4.686,136.21,2.016
2025-05-23,7.67,7.454,4.657,136.203,1.994
2025-05-26,7.715,7.425,4.636,136.228,1.977
2025-05-27,7.75,7.366,4.615,136.186,1.967
2025-05-28,7.84,7.375,4.611,136.145,1.959
2025-05-29,7.945,7.3,4.635,136.008,1.989
2025-05-30,7.78,7.369,4.628,136.124,1.972
2025-06-03,7.81,7.478,4.626,136.146,1.977
2025-06-04,7.875,7.474,4.643,136.197,2.0
2025-06-05,7.855,7.483,4.653,136.23,2.023
2025-06-06,7.835,7.481,4.655,136.339,2.017
2025-06-09,7.855,7.4,4.664,136.497,2.034
2025-06-10,7.855,7.405,4.641,136.551,2.012
2025-06-11,7.885,7.428,4.673,136.662,2.038
2025-06-12,7.855,7.497,4.675,136.653,2.04
2025-06-13,7.77,7.588,4.649,136.647,2.02
2025-06-16,7.835,7.563,4.659,136.68,2.037
2025-06-17,7.865,7.499,4.658,136.811,2.028
2025-06-18,7.84,7.503,4.661,136.803,2.034
2025-06-19,7.795,7.465,4.63,136.829,2.005
2025-06-20,7.81,7.436,4.635,136.863,1.988
2025-06-23,7.795,7.464,4.648,136.832,1.998
2025-06-24,7.975,7.372,4.693,136.773,2.044
2025-06-25,7.975,7.392,4.758,136.65,2.109
2025-06-26,8.015,7.405,4.743,136.651,2.093
2025-06-27,8.095,7.326,4.72,136.784,2.101
2025-06-30,8.145,7.314,4.739,136.636,2.133
2025-07-01,8.11,7.397,4.745,136.728,2.126
2025-07-02,8.115,7.394,4.749,136.88,2.104
2025-07-03,8.13,7.445,4.772,136.904,2.141
2025-07-04,8.18,7.407,4.789,136.923,2.133
2025-07-07,8.175,7.355,4.771,136.938,2.11
2025-07-08,8.18,7.398,4.805,136.867,2.159
2025-07-09,8.15,7.314,4.802,136.832,2.163
2025-07-10,8.195,7.371,4.822,136.66,2.169
2025-07-11,8.165,7.376,4.836,136.608,2.185
2025-07-14,8.115,7.44,4.835,136.505,2.177
2025-07-15,8.24,7.436,4.835,136.737,2.212
2025-07-16,8.19,7.402,4.826,136.748,2.206
2025-07-17,8.25,7.397,4.859,136.747,2.247
2025-07-18,8.31,7.403,4.889,136.666,2.252
2025-07-21,8.31,7.446,4.914,136.54,2.275
2025-07-22,8.315,7.474,4.958,136.409,2.289
2025-07-23,8.3,7.548,4.956,136.344,2.287
2025-07-24,8.315,7.424,4.982,135.999,2.325
2025-07-25,8.33,7.409,4.96,135.824,2.318
2025-07-28,8.42,7.388,4.971,136.173,2.342
2025-07-29,8.415,7.363,4.992,135.857,2.383
2025-07-30,8.4,7.377,4.989,136.083,2.345
2025-07-31,8.52,7.35,4.912,136.346,2.301
2025-08-01,8.355,7.352,4.89,136.342,2.303
2025-08-04,8.24,7.446,4.909,136.345,2.313
2025-08-05,8.395,7.455,4.94,136.361,2.32
2025-08-06,8.35,7.468,4.951,136.439,2.336
2025-08-07,8.42,7.484,4.95,136.478,2.32
2025-08-08,8.455,7.508,4.94,136.531,2.312
2025-08-11,8.54,7.429,4.959,136.262,2.357
2025-08-12,8.515,7.399,4.985,136.154,2.385
2025-08-13,8.605,7.415,5.02,136.22,2.473
2025-08-14,8.585,7.424,5.013,136.072,2.446
2025-08-15,8.61,7.401,5.052,136.046,2.509
2025-08-18,8.55,7.413,5.084,135.563,2.582
2025-08-19,8.515,7.391,5.062,135.621,2.575
2025-08-20,8.42,7.374,5.121,135.489,2.588
2025-08-21,8.45,7.394,5.135,135.52,2.572
2025-08-22,8.38,7.378,5.236,135.469,2.662
2025-08-25,8.49,7.427,5.322,135.684,2.737
2025-08-26,8.45,7.449,5.298,135.775,2.716
2025-08-27,8.52,7.45,5.232,135.865,2.696
2025-08-28,8.465,7.468,5.316,135.568,2.806
2025-08-29,8.46,7.486,5.358,135.612,2.865
2025-09-01,8.365,7.647,5.373,135.719,2.927
2025-09-02,8.38,7.67,5.347,135.726,2.848
2025-09-03,8.38,7.768,5.306,135.84,2.87
2025-09-04,8.41,7.75,5.213,136.12,2.751
2025-09-05,8.505,7.775,5.311,135.731,2.944
2025-09-08,8.48,7.847,5.312,135.597,2.908
2025-09-09,8.505,7.966,5.285,135.531,2.845
2025-09-10,8.555,7.947,5.295,135.229,2.875
2025-09-11,8.54,7.923,5.417,135.301,3.025
2025-09-12,8.57,7.954,5.378,135.525,2.995
2025-09-15,8.635,7.931,5.386,135.623,3.037
2025-09-16,8.68,8.032,5.377,135.687,3.059
2025-09-17,8.645,7.964,5.41,135.866,3.119
2025-09-18,8.72,7.862,5.351,135.838,3.067
2025-09-19,8.755,7.898,5.361,135.651,3.062
2025-09-22,8.855,8.048,5.376,135.66,3.082
2025-09-23,9.0,8.143,5.379,135.485,3.093
2025-09-24,8.925,8.19,5.42,135.268,3.16
2025-09-25,8.895,8.146,5.452,135.226,3.211
2025-09-26,8.9,8.16,5.408,135.419,3.129
2025-09-29,9.0,8.259,5.485,135.354,3.213
2025-09-30,9.065,8.339,5.498,135.614,3.217
